filename	directory	defect	defect_ID
6001.jpg	datas\finishing roll printing\6001.jpg	finishing roll printing	0
6002.jpg	datas\finishing roll printing\6002.jpg	finishing roll printing	0
6003.jpg	datas\finishing roll printing\6003.jpg	finishing roll printing	0
6004.jpg	datas\finishing roll printing\6004.jpg	finishing roll printing	0
6005.jpg	datas\finishing roll printing\6005.jpg	finishing roll printing	0
6006.jpg	datas\finishing roll printing\6006.jpg	finishing roll printing	0
6007.jpg	datas\finishing roll printing\6007.jpg	finishing roll printing	0
6008.jpg	datas\finishing roll printing\6008.jpg	finishing roll printing	0
6009.jpg	datas\finishing roll printing\6009.jpg	finishing roll printing	0
6010.jpg	datas\finishing roll printing\6010.jpg	finishing roll printing	0
6011.jpg	datas\finishing roll printing\6011.jpg	finishing roll printing	0
6012.jpg	datas\finishing roll printing\6012.jpg	finishing roll printing	0
6013.jpg	datas\finishing roll printing\6013.jpg	finishing roll printing	0
6014.jpg	datas\finishing roll printing\6014.jpg	finishing roll printing	0
6015.jpg	datas\finishing roll printing\6015.jpg	finishing roll printing	0
6016.jpg	datas\finishing roll printing\6016.jpg	finishing roll printing	0
6017.jpg	datas\finishing roll printing\6017.jpg	finishing roll printing	0
6018.jpg	datas\finishing roll printing\6018.jpg	finishing roll printing	0
6019.jpg	datas\finishing roll printing\6019.jpg	finishing roll printing	0
6020.jpg	datas\finishing roll printing\6020.jpg	finishing roll printing	0
6021.jpg	datas\finishing roll printing\6021.jpg	finishing roll printing	0
6022.jpg	datas\finishing roll printing\6022.jpg	finishing roll printing	0
6023.jpg	datas\finishing roll printing\6023.jpg	finishing roll printing	0
6024.jpg	datas\finishing roll printing\6024.jpg	finishing roll printing	0
6025.jpg	datas\finishing roll printing\6025.jpg	finishing roll printing	0
6026.jpg	datas\finishing roll printing\6026.jpg	finishing roll printing	0
6027.jpg	datas\finishing roll printing\6027.jpg	finishing roll printing	0
6028.jpg	datas\finishing roll printing\6028.jpg	finishing roll printing	0
6029.jpg	datas\finishing roll printing\6029.jpg	finishing roll printing	0
6030.jpg	datas\finishing roll printing\6030.jpg	finishing roll printing	0
6031.jpg	datas\finishing roll printing\6031.jpg	finishing roll printing	0
6032.jpg	datas\finishing roll printing\6032.jpg	finishing roll printing	0
6033.jpg	datas\finishing roll printing\6033.jpg	finishing roll printing	0
6034.jpg	datas\finishing roll printing\6034.jpg	finishing roll printing	0
6035.jpg	datas\finishing roll printing\6035.jpg	finishing roll printing	0
6036.jpg	datas\finishing roll printing\6036.jpg	finishing roll printing	0
6037.jpg	datas\finishing roll printing\6037.jpg	finishing roll printing	0
6038.jpg	datas\finishing roll printing\6038.jpg	finishing roll printing	0
6039.jpg	datas\finishing roll printing\6039.jpg	finishing roll printing	0
6040.jpg	datas\finishing roll printing\6040.jpg	finishing roll printing	0
6041.jpg	datas\finishing roll printing\6041.jpg	finishing roll printing	0
6042.jpg	datas\finishing roll printing\6042.jpg	finishing roll printing	0
6043.jpg	datas\finishing roll printing\6043.jpg	finishing roll printing	0
6044.jpg	datas\finishing roll printing\6044.jpg	finishing roll printing	0
6045.jpg	datas\finishing roll printing\6045.jpg	finishing roll printing	0
6046.jpg	datas\finishing roll printing\6046.jpg	finishing roll printing	0
6047.jpg	datas\finishing roll printing\6047.jpg	finishing roll printing	0
6048.jpg	datas\finishing roll printing\6048.jpg	finishing roll printing	0
6049.jpg	datas\finishing roll printing\6049.jpg	finishing roll printing	0
6050.jpg	datas\finishing roll printing\6050.jpg	finishing roll printing	0
6051.jpg	datas\finishing roll printing\6051.jpg	finishing roll printing	0
6052.jpg	datas\finishing roll printing\6052.jpg	finishing roll printing	0
6053.jpg	datas\finishing roll printing\6053.jpg	finishing roll printing	0
6054.jpg	datas\finishing roll printing\6054.jpg	finishing roll printing	0
6055.jpg	datas\finishing roll printing\6055.jpg	finishing roll printing	0
6056.jpg	datas\finishing roll printing\6056.jpg	finishing roll printing	0
6057.jpg	datas\finishing roll printing\6057.jpg	finishing roll printing	0
6058.jpg	datas\finishing roll printing\6058.jpg	finishing roll printing	0
6059.jpg	datas\finishing roll printing\6059.jpg	finishing roll printing	0
6060.jpg	datas\finishing roll printing\6060.jpg	finishing roll printing	0
6061.jpg	datas\finishing roll printing\6061.jpg	finishing roll printing	0
6062.jpg	datas\finishing roll printing\6062.jpg	finishing roll printing	0
6063.jpg	datas\finishing roll printing\6063.jpg	finishing roll printing	0
6064.jpg	datas\finishing roll printing\6064.jpg	finishing roll printing	0
6065.jpg	datas\finishing roll printing\6065.jpg	finishing roll printing	0
6066.jpg	datas\finishing roll printing\6066.jpg	finishing roll printing	0
6067.jpg	datas\finishing roll printing\6067.jpg	finishing roll printing	0
6068.jpg	datas\finishing roll printing\6068.jpg	finishing roll printing	0
6069.jpg	datas\finishing roll printing\6069.jpg	finishing roll printing	0
6070.jpg	datas\finishing roll printing\6070.jpg	finishing roll printing	0
6071.jpg	datas\finishing roll printing\6071.jpg	finishing roll printing	0
6072.jpg	datas\finishing roll printing\6072.jpg	finishing roll printing	0
6073.jpg	datas\finishing roll printing\6073.jpg	finishing roll printing	0
6074.jpg	datas\finishing roll printing\6074.jpg	finishing roll printing	0
6075.jpg	datas\finishing roll printing\6075.jpg	finishing roll printing	0
6076.jpg	datas\finishing roll printing\6076.jpg	finishing roll printing	0
6077.jpg	datas\finishing roll printing\6077.jpg	finishing roll printing	0
6078.jpg	datas\finishing roll printing\6078.jpg	finishing roll printing	0
6079.jpg	datas\finishing roll printing\6079.jpg	finishing roll printing	0
6080.jpg	datas\finishing roll printing\6080.jpg	finishing roll printing	0
6081.jpg	datas\finishing roll printing\6081.jpg	finishing roll printing	0
6082.jpg	datas\finishing roll printing\6082.jpg	finishing roll printing	0
6083.jpg	datas\finishing roll printing\6083.jpg	finishing roll printing	0
6084.jpg	datas\finishing roll printing\6084.jpg	finishing roll printing	0
6085.jpg	datas\finishing roll printing\6085.jpg	finishing roll printing	0
6086.jpg	datas\finishing roll printing\6086.jpg	finishing roll printing	0
6087.jpg	datas\finishing roll printing\6087.jpg	finishing roll printing	0
6088.jpg	datas\finishing roll printing\6088.jpg	finishing roll printing	0
6089.jpg	datas\finishing roll printing\6089.jpg	finishing roll printing	0
6090.jpg	datas\finishing roll printing\6090.jpg	finishing roll printing	0
6091.jpg	datas\finishing roll printing\6091.jpg	finishing roll printing	0
6092.jpg	datas\finishing roll printing\6092.jpg	finishing roll printing	0
6093.jpg	datas\finishing roll printing\6093.jpg	finishing roll printing	0
6094.jpg	datas\finishing roll printing\6094.jpg	finishing roll printing	0
6095.jpg	datas\finishing roll printing\6095.jpg	finishing roll printing	0
6096.jpg	datas\finishing roll printing\6096.jpg	finishing roll printing	0
6097.jpg	datas\finishing roll printing\6097.jpg	finishing roll printing	0
6098.jpg	datas\finishing roll printing\6098.jpg	finishing roll printing	0
6099.jpg	datas\finishing roll printing\6099.jpg	finishing roll printing	0
6100.jpg	datas\finishing roll printing\6100.jpg	finishing roll printing	0
6101.jpg	datas\finishing roll printing\6101.jpg	finishing roll printing	0
6102.jpg	datas\finishing roll printing\6102.jpg	finishing roll printing	0
6103.jpg	datas\finishing roll printing\6103.jpg	finishing roll printing	0
6104.jpg	datas\finishing roll printing\6104.jpg	finishing roll printing	0
6105.jpg	datas\finishing roll printing\6105.jpg	finishing roll printing	0
6106.jpg	datas\finishing roll printing\6106.jpg	finishing roll printing	0
6107.jpg	datas\finishing roll printing\6107.jpg	finishing roll printing	0
6108.jpg	datas\finishing roll printing\6108.jpg	finishing roll printing	0
6109.jpg	datas\finishing roll printing\6109.jpg	finishing roll printing	0
6110.jpg	datas\finishing roll printing\6110.jpg	finishing roll printing	0
6111.jpg	datas\finishing roll printing\6111.jpg	finishing roll printing	0
6112.jpg	datas\finishing roll printing\6112.jpg	finishing roll printing	0
6113.jpg	datas\finishing roll printing\6113.jpg	finishing roll printing	0
6114.jpg	datas\finishing roll printing\6114.jpg	finishing roll printing	0
6115.jpg	datas\finishing roll printing\6115.jpg	finishing roll printing	0
6116.jpg	datas\finishing roll printing\6116.jpg	finishing roll printing	0
6117.jpg	datas\finishing roll printing\6117.jpg	finishing roll printing	0
6118.jpg	datas\finishing roll printing\6118.jpg	finishing roll printing	0
6119.jpg	datas\finishing roll printing\6119.jpg	finishing roll printing	0
6120.jpg	datas\finishing roll printing\6120.jpg	finishing roll printing	0
6121.jpg	datas\finishing roll printing\6121.jpg	finishing roll printing	0
6122.jpg	datas\finishing roll printing\6122.jpg	finishing roll printing	0
6123.jpg	datas\finishing roll printing\6123.jpg	finishing roll printing	0
6124.jpg	datas\finishing roll printing\6124.jpg	finishing roll printing	0
6125.jpg	datas\finishing roll printing\6125.jpg	finishing roll printing	0
6126.jpg	datas\finishing roll printing\6126.jpg	finishing roll printing	0
6127.jpg	datas\finishing roll printing\6127.jpg	finishing roll printing	0
6128.jpg	datas\finishing roll printing\6128.jpg	finishing roll printing	0
6129.jpg	datas\finishing roll printing\6129.jpg	finishing roll printing	0
6130.jpg	datas\finishing roll printing\6130.jpg	finishing roll printing	0
6131.jpg	datas\finishing roll printing\6131.jpg	finishing roll printing	0
6132.jpg	datas\finishing roll printing\6132.jpg	finishing roll printing	0
6133.jpg	datas\finishing roll printing\6133.jpg	finishing roll printing	0
6134.jpg	datas\finishing roll printing\6134.jpg	finishing roll printing	0
6135.jpg	datas\finishing roll printing\6135.jpg	finishing roll printing	0
6136.jpg	datas\finishing roll printing\6136.jpg	finishing roll printing	0
6137.jpg	datas\finishing roll printing\6137.jpg	finishing roll printing	0
6138.jpg	datas\finishing roll printing\6138.jpg	finishing roll printing	0
6139.jpg	datas\finishing roll printing\6139.jpg	finishing roll printing	0
6140.jpg	datas\finishing roll printing\6140.jpg	finishing roll printing	0
6141.jpg	datas\finishing roll printing\6141.jpg	finishing roll printing	0
6142.jpg	datas\finishing roll printing\6142.jpg	finishing roll printing	0
6143.jpg	datas\finishing roll printing\6143.jpg	finishing roll printing	0
6144.jpg	datas\finishing roll printing\6144.jpg	finishing roll printing	0
6145.jpg	datas\finishing roll printing\6145.jpg	finishing roll printing	0
6146.jpg	datas\finishing roll printing\6146.jpg	finishing roll printing	0
6147.jpg	datas\finishing roll printing\6147.jpg	finishing roll printing	0
6148.jpg	datas\finishing roll printing\6148.jpg	finishing roll printing	0
6149.jpg	datas\finishing roll printing\6149.jpg	finishing roll printing	0
6150.jpg	datas\finishing roll printing\6150.jpg	finishing roll printing	0
6151.jpg	datas\finishing roll printing\6151.jpg	finishing roll printing	0
6152.jpg	datas\finishing roll printing\6152.jpg	finishing roll printing	0
6153.jpg	datas\finishing roll printing\6153.jpg	finishing roll printing	0
6154.jpg	datas\finishing roll printing\6154.jpg	finishing roll printing	0
6155.jpg	datas\finishing roll printing\6155.jpg	finishing roll printing	0
6156.jpg	datas\finishing roll printing\6156.jpg	finishing roll printing	0
6157.jpg	datas\finishing roll printing\6157.jpg	finishing roll printing	0
6158.jpg	datas\finishing roll printing\6158.jpg	finishing roll printing	0
6159.jpg	datas\finishing roll printing\6159.jpg	finishing roll printing	0
6160.jpg	datas\finishing roll printing\6160.jpg	finishing roll printing	0
6161.jpg	datas\finishing roll printing\6161.jpg	finishing roll printing	0
6162.jpg	datas\finishing roll printing\6162.jpg	finishing roll printing	0
6163.jpg	datas\finishing roll printing\6163.jpg	finishing roll printing	0
6164.jpg	datas\finishing roll printing\6164.jpg	finishing roll printing	0
6165.jpg	datas\finishing roll printing\6165.jpg	finishing roll printing	0
6166.jpg	datas\finishing roll printing\6166.jpg	finishing roll printing	0
6167.jpg	datas\finishing roll printing\6167.jpg	finishing roll printing	0
6168.jpg	datas\finishing roll printing\6168.jpg	finishing roll printing	0
6169.jpg	datas\finishing roll printing\6169.jpg	finishing roll printing	0
6170.jpg	datas\finishing roll printing\6170.jpg	finishing roll printing	0
6171.jpg	datas\finishing roll printing\6171.jpg	finishing roll printing	0
6172.jpg	datas\finishing roll printing\6172.jpg	finishing roll printing	0
6173.jpg	datas\finishing roll printing\6173.jpg	finishing roll printing	0
6174.jpg	datas\finishing roll printing\6174.jpg	finishing roll printing	0
6175.jpg	datas\finishing roll printing\6175.jpg	finishing roll printing	0
6176.jpg	datas\finishing roll printing\6176.jpg	finishing roll printing	0
6177.jpg	datas\finishing roll printing\6177.jpg	finishing roll printing	0
6178.jpg	datas\finishing roll printing\6178.jpg	finishing roll printing	0
6179.jpg	datas\finishing roll printing\6179.jpg	finishing roll printing	0
6180.jpg	datas\finishing roll printing\6180.jpg	finishing roll printing	0
6181.jpg	datas\finishing roll printing\6181.jpg	finishing roll printing	0
6182.jpg	datas\finishing roll printing\6182.jpg	finishing roll printing	0
6183.jpg	datas\finishing roll printing\6183.jpg	finishing roll printing	0
6184.jpg	datas\finishing roll printing\6184.jpg	finishing roll printing	0
6185.jpg	datas\finishing roll printing\6185.jpg	finishing roll printing	0
6186.jpg	datas\finishing roll printing\6186.jpg	finishing roll printing	0
6187.jpg	datas\finishing roll printing\6187.jpg	finishing roll printing	0
6188.jpg	datas\finishing roll printing\6188.jpg	finishing roll printing	0
6189.jpg	datas\finishing roll printing\6189.jpg	finishing roll printing	0
6190.jpg	datas\finishing roll printing\6190.jpg	finishing roll printing	0
6191.jpg	datas\finishing roll printing\6191.jpg	finishing roll printing	0
6192.jpg	datas\finishing roll printing\6192.jpg	finishing roll printing	0
6193.jpg	datas\finishing roll printing\6193.jpg	finishing roll printing	0
6194.jpg	datas\finishing roll printing\6194.jpg	finishing roll printing	0
6195.jpg	datas\finishing roll printing\6195.jpg	finishing roll printing	0
6196.jpg	datas\finishing roll printing\6196.jpg	finishing roll printing	0
6197.jpg	datas\finishing roll printing\6197.jpg	finishing roll printing	0
6198.jpg	datas\finishing roll printing\6198.jpg	finishing roll printing	0
6199.jpg	datas\finishing roll printing\6199.jpg	finishing roll printing	0
6200.jpg	datas\finishing roll printing\6200.jpg	finishing roll printing	0
6201.jpg	datas\finishing roll printing\6201.jpg	finishing roll printing	0
6202.jpg	datas\finishing roll printing\6202.jpg	finishing roll printing	0
6203.jpg	datas\finishing roll printing\6203.jpg	finishing roll printing	0
3001.jpg	datas\iron sheet ash\3001.jpg	iron sheet ash	1
3002.jpg	datas\iron sheet ash\3002.jpg	iron sheet ash	1
3003.jpg	datas\iron sheet ash\3003.jpg	iron sheet ash	1
3004.jpg	datas\iron sheet ash\3004.jpg	iron sheet ash	1
3005.jpg	datas\iron sheet ash\3005.jpg	iron sheet ash	1
3006.jpg	datas\iron sheet ash\3006.jpg	iron sheet ash	1
3007.jpg	datas\iron sheet ash\3007.jpg	iron sheet ash	1
3008.jpg	datas\iron sheet ash\3008.jpg	iron sheet ash	1
3009.jpg	datas\iron sheet ash\3009.jpg	iron sheet ash	1
3010.jpg	datas\iron sheet ash\3010.jpg	iron sheet ash	1
3011.jpg	datas\iron sheet ash\3011.jpg	iron sheet ash	1
3012.jpg	datas\iron sheet ash\3012.jpg	iron sheet ash	1
3013.jpg	datas\iron sheet ash\3013.jpg	iron sheet ash	1
3014.jpg	datas\iron sheet ash\3014.jpg	iron sheet ash	1
3015.jpg	datas\iron sheet ash\3015.jpg	iron sheet ash	1
3016.jpg	datas\iron sheet ash\3016.jpg	iron sheet ash	1
3017.jpg	datas\iron sheet ash\3017.jpg	iron sheet ash	1
3018.jpg	datas\iron sheet ash\3018.jpg	iron sheet ash	1
3019.jpg	datas\iron sheet ash\3019.jpg	iron sheet ash	1
3020.jpg	datas\iron sheet ash\3020.jpg	iron sheet ash	1
3021.jpg	datas\iron sheet ash\3021.jpg	iron sheet ash	1
3022.jpg	datas\iron sheet ash\3022.jpg	iron sheet ash	1
3023.jpg	datas\iron sheet ash\3023.jpg	iron sheet ash	1
3024.jpg	datas\iron sheet ash\3024.jpg	iron sheet ash	1
3025.jpg	datas\iron sheet ash\3025.jpg	iron sheet ash	1
3026.jpg	datas\iron sheet ash\3026.jpg	iron sheet ash	1
3027.jpg	datas\iron sheet ash\3027.jpg	iron sheet ash	1
3028.jpg	datas\iron sheet ash\3028.jpg	iron sheet ash	1
3029.jpg	datas\iron sheet ash\3029.jpg	iron sheet ash	1
3030.jpg	datas\iron sheet ash\3030.jpg	iron sheet ash	1
3031.jpg	datas\iron sheet ash\3031.jpg	iron sheet ash	1
3032.jpg	datas\iron sheet ash\3032.jpg	iron sheet ash	1
3033.jpg	datas\iron sheet ash\3033.jpg	iron sheet ash	1
3034.jpg	datas\iron sheet ash\3034.jpg	iron sheet ash	1
3035.jpg	datas\iron sheet ash\3035.jpg	iron sheet ash	1
3036.jpg	datas\iron sheet ash\3036.jpg	iron sheet ash	1
3037.jpg	datas\iron sheet ash\3037.jpg	iron sheet ash	1
3038.jpg	datas\iron sheet ash\3038.jpg	iron sheet ash	1
3039.jpg	datas\iron sheet ash\3039.jpg	iron sheet ash	1
3040.jpg	datas\iron sheet ash\3040.jpg	iron sheet ash	1
3041.jpg	datas\iron sheet ash\3041.jpg	iron sheet ash	1
3042.jpg	datas\iron sheet ash\3042.jpg	iron sheet ash	1
3043.jpg	datas\iron sheet ash\3043.jpg	iron sheet ash	1
3044.jpg	datas\iron sheet ash\3044.jpg	iron sheet ash	1
3045.jpg	datas\iron sheet ash\3045.jpg	iron sheet ash	1
3046.jpg	datas\iron sheet ash\3046.jpg	iron sheet ash	1
3047.jpg	datas\iron sheet ash\3047.jpg	iron sheet ash	1
3048.jpg	datas\iron sheet ash\3048.jpg	iron sheet ash	1
3049.jpg	datas\iron sheet ash\3049.jpg	iron sheet ash	1
3050.jpg	datas\iron sheet ash\3050.jpg	iron sheet ash	1
3051.jpg	datas\iron sheet ash\3051.jpg	iron sheet ash	1
3052.jpg	datas\iron sheet ash\3052.jpg	iron sheet ash	1
3053.jpg	datas\iron sheet ash\3053.jpg	iron sheet ash	1
3054.jpg	datas\iron sheet ash\3054.jpg	iron sheet ash	1
3055.jpg	datas\iron sheet ash\3055.jpg	iron sheet ash	1
3056.jpg	datas\iron sheet ash\3056.jpg	iron sheet ash	1
3057.jpg	datas\iron sheet ash\3057.jpg	iron sheet ash	1
3058.jpg	datas\iron sheet ash\3058.jpg	iron sheet ash	1
3059.jpg	datas\iron sheet ash\3059.jpg	iron sheet ash	1
3060.jpg	datas\iron sheet ash\3060.jpg	iron sheet ash	1
3061.jpg	datas\iron sheet ash\3061.jpg	iron sheet ash	1
3062.jpg	datas\iron sheet ash\3062.jpg	iron sheet ash	1
3063.jpg	datas\iron sheet ash\3063.jpg	iron sheet ash	1
3064.jpg	datas\iron sheet ash\3064.jpg	iron sheet ash	1
3065.jpg	datas\iron sheet ash\3065.jpg	iron sheet ash	1
3066.jpg	datas\iron sheet ash\3066.jpg	iron sheet ash	1
3067.jpg	datas\iron sheet ash\3067.jpg	iron sheet ash	1
3068.jpg	datas\iron sheet ash\3068.jpg	iron sheet ash	1
3069.jpg	datas\iron sheet ash\3069.jpg	iron sheet ash	1
3070.jpg	datas\iron sheet ash\3070.jpg	iron sheet ash	1
3071.jpg	datas\iron sheet ash\3071.jpg	iron sheet ash	1
3072.jpg	datas\iron sheet ash\3072.jpg	iron sheet ash	1
3073.jpg	datas\iron sheet ash\3073.jpg	iron sheet ash	1
3074.jpg	datas\iron sheet ash\3074.jpg	iron sheet ash	1
3075.jpg	datas\iron sheet ash\3075.jpg	iron sheet ash	1
3076.jpg	datas\iron sheet ash\3076.jpg	iron sheet ash	1
3077.jpg	datas\iron sheet ash\3077.jpg	iron sheet ash	1
3078.jpg	datas\iron sheet ash\3078.jpg	iron sheet ash	1
3079.jpg	datas\iron sheet ash\3079.jpg	iron sheet ash	1
3080.jpg	datas\iron sheet ash\3080.jpg	iron sheet ash	1
3081.jpg	datas\iron sheet ash\3081.jpg	iron sheet ash	1
3082.jpg	datas\iron sheet ash\3082.jpg	iron sheet ash	1
3083.jpg	datas\iron sheet ash\3083.jpg	iron sheet ash	1
3084.jpg	datas\iron sheet ash\3084.jpg	iron sheet ash	1
3085.jpg	datas\iron sheet ash\3085.jpg	iron sheet ash	1
3086.jpg	datas\iron sheet ash\3086.jpg	iron sheet ash	1
3087.jpg	datas\iron sheet ash\3087.jpg	iron sheet ash	1
3088.jpg	datas\iron sheet ash\3088.jpg	iron sheet ash	1
3089.jpg	datas\iron sheet ash\3089.jpg	iron sheet ash	1
3090.jpg	datas\iron sheet ash\3090.jpg	iron sheet ash	1
3091.jpg	datas\iron sheet ash\3091.jpg	iron sheet ash	1
3092.jpg	datas\iron sheet ash\3092.jpg	iron sheet ash	1
3093.jpg	datas\iron sheet ash\3093.jpg	iron sheet ash	1
3094.jpg	datas\iron sheet ash\3094.jpg	iron sheet ash	1
3095.jpg	datas\iron sheet ash\3095.jpg	iron sheet ash	1
3096.jpg	datas\iron sheet ash\3096.jpg	iron sheet ash	1
3097.jpg	datas\iron sheet ash\3097.jpg	iron sheet ash	1
3098.jpg	datas\iron sheet ash\3098.jpg	iron sheet ash	1
3099.jpg	datas\iron sheet ash\3099.jpg	iron sheet ash	1
3100.jpg	datas\iron sheet ash\3100.jpg	iron sheet ash	1
3101.jpg	datas\iron sheet ash\3101.jpg	iron sheet ash	1
3102.jpg	datas\iron sheet ash\3102.jpg	iron sheet ash	1
3103.jpg	datas\iron sheet ash\3103.jpg	iron sheet ash	1
3104.jpg	datas\iron sheet ash\3104.jpg	iron sheet ash	1
3105.jpg	datas\iron sheet ash\3105.jpg	iron sheet ash	1
3106.jpg	datas\iron sheet ash\3106.jpg	iron sheet ash	1
3107.jpg	datas\iron sheet ash\3107.jpg	iron sheet ash	1
3108.jpg	datas\iron sheet ash\3108.jpg	iron sheet ash	1
3109.jpg	datas\iron sheet ash\3109.jpg	iron sheet ash	1
3110.jpg	datas\iron sheet ash\3110.jpg	iron sheet ash	1
3111.jpg	datas\iron sheet ash\3111.jpg	iron sheet ash	1
3112.jpg	datas\iron sheet ash\3112.jpg	iron sheet ash	1
3113.jpg	datas\iron sheet ash\3113.jpg	iron sheet ash	1
3114.jpg	datas\iron sheet ash\3114.jpg	iron sheet ash	1
3115.jpg	datas\iron sheet ash\3115.jpg	iron sheet ash	1
3116.jpg	datas\iron sheet ash\3116.jpg	iron sheet ash	1
3117.jpg	datas\iron sheet ash\3117.jpg	iron sheet ash	1
3118.jpg	datas\iron sheet ash\3118.jpg	iron sheet ash	1
3119.jpg	datas\iron sheet ash\3119.jpg	iron sheet ash	1
3120.jpg	datas\iron sheet ash\3120.jpg	iron sheet ash	1
3121.jpg	datas\iron sheet ash\3121.jpg	iron sheet ash	1
3122.jpg	datas\iron sheet ash\3122.jpg	iron sheet ash	1
5001.jpg	datas\oxide scale of plate system\5001.jpg	oxide scale of plate system	2
5002.jpg	datas\oxide scale of plate system\5002.jpg	oxide scale of plate system	2
5003.jpg	datas\oxide scale of plate system\5003.jpg	oxide scale of plate system	2
5004.jpg	datas\oxide scale of plate system\5004.jpg	oxide scale of plate system	2
5005.jpg	datas\oxide scale of plate system\5005.jpg	oxide scale of plate system	2
5006.jpg	datas\oxide scale of plate system\5006.jpg	oxide scale of plate system	2
5007.jpg	datas\oxide scale of plate system\5007.jpg	oxide scale of plate system	2
5008.jpg	datas\oxide scale of plate system\5008.jpg	oxide scale of plate system	2
5009.jpg	datas\oxide scale of plate system\5009.jpg	oxide scale of plate system	2
5010.jpg	datas\oxide scale of plate system\5010.jpg	oxide scale of plate system	2
5011.jpg	datas\oxide scale of plate system\5011.jpg	oxide scale of plate system	2
5012.jpg	datas\oxide scale of plate system\5012.jpg	oxide scale of plate system	2
5013.jpg	datas\oxide scale of plate system\5013.jpg	oxide scale of plate system	2
5014.jpg	datas\oxide scale of plate system\5014.jpg	oxide scale of plate system	2
5015.jpg	datas\oxide scale of plate system\5015.jpg	oxide scale of plate system	2
5016.jpg	datas\oxide scale of plate system\5016.jpg	oxide scale of plate system	2
5017.jpg	datas\oxide scale of plate system\5017.jpg	oxide scale of plate system	2
5018.jpg	datas\oxide scale of plate system\5018.jpg	oxide scale of plate system	2
5019.jpg	datas\oxide scale of plate system\5019.jpg	oxide scale of plate system	2
5020.jpg	datas\oxide scale of plate system\5020.jpg	oxide scale of plate system	2
5021.jpg	datas\oxide scale of plate system\5021.jpg	oxide scale of plate system	2
5022.jpg	datas\oxide scale of plate system\5022.jpg	oxide scale of plate system	2
5023.jpg	datas\oxide scale of plate system\5023.jpg	oxide scale of plate system	2
5024.jpg	datas\oxide scale of plate system\5024.jpg	oxide scale of plate system	2
5025.jpg	datas\oxide scale of plate system\5025.jpg	oxide scale of plate system	2
5026.jpg	datas\oxide scale of plate system\5026.jpg	oxide scale of plate system	2
5027.jpg	datas\oxide scale of plate system\5027.jpg	oxide scale of plate system	2
5028.jpg	datas\oxide scale of plate system\5028.jpg	oxide scale of plate system	2
5029.jpg	datas\oxide scale of plate system\5029.jpg	oxide scale of plate system	2
5030.jpg	datas\oxide scale of plate system\5030.jpg	oxide scale of plate system	2
5031.jpg	datas\oxide scale of plate system\5031.jpg	oxide scale of plate system	2
5032.jpg	datas\oxide scale of plate system\5032.jpg	oxide scale of plate system	2
5033.jpg	datas\oxide scale of plate system\5033.jpg	oxide scale of plate system	2
5034.jpg	datas\oxide scale of plate system\5034.jpg	oxide scale of plate system	2
5035.jpg	datas\oxide scale of plate system\5035.jpg	oxide scale of plate system	2
5036.jpg	datas\oxide scale of plate system\5036.jpg	oxide scale of plate system	2
5037.jpg	datas\oxide scale of plate system\5037.jpg	oxide scale of plate system	2
5038.jpg	datas\oxide scale of plate system\5038.jpg	oxide scale of plate system	2
5039.jpg	datas\oxide scale of plate system\5039.jpg	oxide scale of plate system	2
5040.jpg	datas\oxide scale of plate system\5040.jpg	oxide scale of plate system	2
5041.jpg	datas\oxide scale of plate system\5041.jpg	oxide scale of plate system	2
5042.jpg	datas\oxide scale of plate system\5042.jpg	oxide scale of plate system	2
5043.jpg	datas\oxide scale of plate system\5043.jpg	oxide scale of plate system	2
5044.jpg	datas\oxide scale of plate system\5044.jpg	oxide scale of plate system	2
5045.jpg	datas\oxide scale of plate system\5045.jpg	oxide scale of plate system	2
5046.jpg	datas\oxide scale of plate system\5046.jpg	oxide scale of plate system	2
5047.jpg	datas\oxide scale of plate system\5047.jpg	oxide scale of plate system	2
5048.jpg	datas\oxide scale of plate system\5048.jpg	oxide scale of plate system	2
5049.jpg	datas\oxide scale of plate system\5049.jpg	oxide scale of plate system	2
5050.jpg	datas\oxide scale of plate system\5050.jpg	oxide scale of plate system	2
5051.jpg	datas\oxide scale of plate system\5051.jpg	oxide scale of plate system	2
5052.jpg	datas\oxide scale of plate system\5052.jpg	oxide scale of plate system	2
5053.jpg	datas\oxide scale of plate system\5053.jpg	oxide scale of plate system	2
5054.jpg	datas\oxide scale of plate system\5054.jpg	oxide scale of plate system	2
5055.jpg	datas\oxide scale of plate system\5055.jpg	oxide scale of plate system	2
5056.jpg	datas\oxide scale of plate system\5056.jpg	oxide scale of plate system	2
5057.jpg	datas\oxide scale of plate system\5057.jpg	oxide scale of plate system	2
5058.jpg	datas\oxide scale of plate system\5058.jpg	oxide scale of plate system	2
5059.jpg	datas\oxide scale of plate system\5059.jpg	oxide scale of plate system	2
5060.jpg	datas\oxide scale of plate system\5060.jpg	oxide scale of plate system	2
5061.jpg	datas\oxide scale of plate system\5061.jpg	oxide scale of plate system	2
5062.jpg	datas\oxide scale of plate system\5062.jpg	oxide scale of plate system	2
5063.jpg	datas\oxide scale of plate system\5063.jpg	oxide scale of plate system	2
7001.jpg	datas\oxide scale of temperature system\7001.jpg	oxide scale of temperature system	3
7002.jpg	datas\oxide scale of temperature system\7002.jpg	oxide scale of temperature system	3
7003.jpg	datas\oxide scale of temperature system\7003.jpg	oxide scale of temperature system	3
7004.jpg	datas\oxide scale of temperature system\7004.jpg	oxide scale of temperature system	3
7005.jpg	datas\oxide scale of temperature system\7005.jpg	oxide scale of temperature system	3
7006.jpg	datas\oxide scale of temperature system\7006.jpg	oxide scale of temperature system	3
7007.jpg	datas\oxide scale of temperature system\7007.jpg	oxide scale of temperature system	3
7008.jpg	datas\oxide scale of temperature system\7008.jpg	oxide scale of temperature system	3
7009.jpg	datas\oxide scale of temperature system\7009.jpg	oxide scale of temperature system	3
7010.jpg	datas\oxide scale of temperature system\7010.jpg	oxide scale of temperature system	3
7011.jpg	datas\oxide scale of temperature system\7011.jpg	oxide scale of temperature system	3
7012.jpg	datas\oxide scale of temperature system\7012.jpg	oxide scale of temperature system	3
7013.jpg	datas\oxide scale of temperature system\7013.jpg	oxide scale of temperature system	3
7014.jpg	datas\oxide scale of temperature system\7014.jpg	oxide scale of temperature system	3
7015.jpg	datas\oxide scale of temperature system\7015.jpg	oxide scale of temperature system	3
7016.jpg	datas\oxide scale of temperature system\7016.jpg	oxide scale of temperature system	3
7017.jpg	datas\oxide scale of temperature system\7017.jpg	oxide scale of temperature system	3
7018.jpg	datas\oxide scale of temperature system\7018.jpg	oxide scale of temperature system	3
7019.jpg	datas\oxide scale of temperature system\7019.jpg	oxide scale of temperature system	3
7020.jpg	datas\oxide scale of temperature system\7020.jpg	oxide scale of temperature system	3
7021.jpg	datas\oxide scale of temperature system\7021.jpg	oxide scale of temperature system	3
7022.jpg	datas\oxide scale of temperature system\7022.jpg	oxide scale of temperature system	3
7023.jpg	datas\oxide scale of temperature system\7023.jpg	oxide scale of temperature system	3
7024.jpg	datas\oxide scale of temperature system\7024.jpg	oxide scale of temperature system	3
7025.jpg	datas\oxide scale of temperature system\7025.jpg	oxide scale of temperature system	3
7026.jpg	datas\oxide scale of temperature system\7026.jpg	oxide scale of temperature system	3
7027.jpg	datas\oxide scale of temperature system\7027.jpg	oxide scale of temperature system	3
7028.jpg	datas\oxide scale of temperature system\7028.jpg	oxide scale of temperature system	3
7029.jpg	datas\oxide scale of temperature system\7029.jpg	oxide scale of temperature system	3
7030.jpg	datas\oxide scale of temperature system\7030.jpg	oxide scale of temperature system	3
7031.jpg	datas\oxide scale of temperature system\7031.jpg	oxide scale of temperature system	3
7032.jpg	datas\oxide scale of temperature system\7032.jpg	oxide scale of temperature system	3
7033.jpg	datas\oxide scale of temperature system\7033.jpg	oxide scale of temperature system	3
7034.jpg	datas\oxide scale of temperature system\7034.jpg	oxide scale of temperature system	3
7035.jpg	datas\oxide scale of temperature system\7035.jpg	oxide scale of temperature system	3
7036.jpg	datas\oxide scale of temperature system\7036.jpg	oxide scale of temperature system	3
7037.jpg	datas\oxide scale of temperature system\7037.jpg	oxide scale of temperature system	3
7038.jpg	datas\oxide scale of temperature system\7038.jpg	oxide scale of temperature system	3
7039.jpg	datas\oxide scale of temperature system\7039.jpg	oxide scale of temperature system	3
7040.jpg	datas\oxide scale of temperature system\7040.jpg	oxide scale of temperature system	3
7041.jpg	datas\oxide scale of temperature system\7041.jpg	oxide scale of temperature system	3
7042.jpg	datas\oxide scale of temperature system\7042.jpg	oxide scale of temperature system	3
7043.jpg	datas\oxide scale of temperature system\7043.jpg	oxide scale of temperature system	3
7044.jpg	datas\oxide scale of temperature system\7044.jpg	oxide scale of temperature system	3
7045.jpg	datas\oxide scale of temperature system\7045.jpg	oxide scale of temperature system	3
7046.jpg	datas\oxide scale of temperature system\7046.jpg	oxide scale of temperature system	3
7047.jpg	datas\oxide scale of temperature system\7047.jpg	oxide scale of temperature system	3
7048.jpg	datas\oxide scale of temperature system\7048.jpg	oxide scale of temperature system	3
7049.jpg	datas\oxide scale of temperature system\7049.jpg	oxide scale of temperature system	3
7050.jpg	datas\oxide scale of temperature system\7050.jpg	oxide scale of temperature system	3
7051.jpg	datas\oxide scale of temperature system\7051.jpg	oxide scale of temperature system	3
7052.jpg	datas\oxide scale of temperature system\7052.jpg	oxide scale of temperature system	3
7053.jpg	datas\oxide scale of temperature system\7053.jpg	oxide scale of temperature system	3
7054.jpg	datas\oxide scale of temperature system\7054.jpg	oxide scale of temperature system	3
7055.jpg	datas\oxide scale of temperature system\7055.jpg	oxide scale of temperature system	3
7056.jpg	datas\oxide scale of temperature system\7056.jpg	oxide scale of temperature system	3
7057.jpg	datas\oxide scale of temperature system\7057.jpg	oxide scale of temperature system	3
7058.jpg	datas\oxide scale of temperature system\7058.jpg	oxide scale of temperature system	3
7059.jpg	datas\oxide scale of temperature system\7059.jpg	oxide scale of temperature system	3
7060.jpg	datas\oxide scale of temperature system\7060.jpg	oxide scale of temperature system	3
7061.jpg	datas\oxide scale of temperature system\7061.jpg	oxide scale of temperature system	3
7062.jpg	datas\oxide scale of temperature system\7062.jpg	oxide scale of temperature system	3
7063.jpg	datas\oxide scale of temperature system\7063.jpg	oxide scale of temperature system	3
7064.jpg	datas\oxide scale of temperature system\7064.jpg	oxide scale of temperature system	3
7065.jpg	datas\oxide scale of temperature system\7065.jpg	oxide scale of temperature system	3
7066.jpg	datas\oxide scale of temperature system\7066.jpg	oxide scale of temperature system	3
7067.jpg	datas\oxide scale of temperature system\7067.jpg	oxide scale of temperature system	3
7068.jpg	datas\oxide scale of temperature system\7068.jpg	oxide scale of temperature system	3
7069.jpg	datas\oxide scale of temperature system\7069.jpg	oxide scale of temperature system	3
7070.jpg	datas\oxide scale of temperature system\7070.jpg	oxide scale of temperature system	3
7071.jpg	datas\oxide scale of temperature system\7071.jpg	oxide scale of temperature system	3
7072.jpg	datas\oxide scale of temperature system\7072.jpg	oxide scale of temperature system	3
7073.jpg	datas\oxide scale of temperature system\7073.jpg	oxide scale of temperature system	3
7074.jpg	datas\oxide scale of temperature system\7074.jpg	oxide scale of temperature system	3
7075.jpg	datas\oxide scale of temperature system\7075.jpg	oxide scale of temperature system	3
7076.jpg	datas\oxide scale of temperature system\7076.jpg	oxide scale of temperature system	3
7077.jpg	datas\oxide scale of temperature system\7077.jpg	oxide scale of temperature system	3
7078.jpg	datas\oxide scale of temperature system\7078.jpg	oxide scale of temperature system	3
7079.jpg	datas\oxide scale of temperature system\7079.jpg	oxide scale of temperature system	3
7080.jpg	datas\oxide scale of temperature system\7080.jpg	oxide scale of temperature system	3
7081.jpg	datas\oxide scale of temperature system\7081.jpg	oxide scale of temperature system	3
7082.jpg	datas\oxide scale of temperature system\7082.jpg	oxide scale of temperature system	3
7083.jpg	datas\oxide scale of temperature system\7083.jpg	oxide scale of temperature system	3
7084.jpg	datas\oxide scale of temperature system\7084.jpg	oxide scale of temperature system	3
7085.jpg	datas\oxide scale of temperature system\7085.jpg	oxide scale of temperature system	3
7086.jpg	datas\oxide scale of temperature system\7086.jpg	oxide scale of temperature system	3
7087.jpg	datas\oxide scale of temperature system\7087.jpg	oxide scale of temperature system	3
7088.jpg	datas\oxide scale of temperature system\7088.jpg	oxide scale of temperature system	3
7089.jpg	datas\oxide scale of temperature system\7089.jpg	oxide scale of temperature system	3
7090.jpg	datas\oxide scale of temperature system\7090.jpg	oxide scale of temperature system	3
7091.jpg	datas\oxide scale of temperature system\7091.jpg	oxide scale of temperature system	3
7092.jpg	datas\oxide scale of temperature system\7092.jpg	oxide scale of temperature system	3
7093.jpg	datas\oxide scale of temperature system\7093.jpg	oxide scale of temperature system	3
7094.jpg	datas\oxide scale of temperature system\7094.jpg	oxide scale of temperature system	3
7095.jpg	datas\oxide scale of temperature system\7095.jpg	oxide scale of temperature system	3
7096.jpg	datas\oxide scale of temperature system\7096.jpg	oxide scale of temperature system	3
7097.jpg	datas\oxide scale of temperature system\7097.jpg	oxide scale of temperature system	3
7098.jpg	datas\oxide scale of temperature system\7098.jpg	oxide scale of temperature system	3
7099.jpg	datas\oxide scale of temperature system\7099.jpg	oxide scale of temperature system	3
7100.jpg	datas\oxide scale of temperature system\7100.jpg	oxide scale of temperature system	3
7101.jpg	datas\oxide scale of temperature system\7101.jpg	oxide scale of temperature system	3
7102.jpg	datas\oxide scale of temperature system\7102.jpg	oxide scale of temperature system	3
7103.jpg	datas\oxide scale of temperature system\7103.jpg	oxide scale of temperature system	3
7104.jpg	datas\oxide scale of temperature system\7104.jpg	oxide scale of temperature system	3
7105.jpg	datas\oxide scale of temperature system\7105.jpg	oxide scale of temperature system	3
7106.jpg	datas\oxide scale of temperature system\7106.jpg	oxide scale of temperature system	3
7107.jpg	datas\oxide scale of temperature system\7107.jpg	oxide scale of temperature system	3
7108.jpg	datas\oxide scale of temperature system\7108.jpg	oxide scale of temperature system	3
7109.jpg	datas\oxide scale of temperature system\7109.jpg	oxide scale of temperature system	3
7110.jpg	datas\oxide scale of temperature system\7110.jpg	oxide scale of temperature system	3
7111.jpg	datas\oxide scale of temperature system\7111.jpg	oxide scale of temperature system	3
7112.jpg	datas\oxide scale of temperature system\7112.jpg	oxide scale of temperature system	3
7113.jpg	datas\oxide scale of temperature system\7113.jpg	oxide scale of temperature system	3
7114.jpg	datas\oxide scale of temperature system\7114.jpg	oxide scale of temperature system	3
7115.jpg	datas\oxide scale of temperature system\7115.jpg	oxide scale of temperature system	3
7116.jpg	datas\oxide scale of temperature system\7116.jpg	oxide scale of temperature system	3
7117.jpg	datas\oxide scale of temperature system\7117.jpg	oxide scale of temperature system	3
7118.jpg	datas\oxide scale of temperature system\7118.jpg	oxide scale of temperature system	3
7119.jpg	datas\oxide scale of temperature system\7119.jpg	oxide scale of temperature system	3
7120.jpg	datas\oxide scale of temperature system\7120.jpg	oxide scale of temperature system	3
7121.jpg	datas\oxide scale of temperature system\7121.jpg	oxide scale of temperature system	3
7122.jpg	datas\oxide scale of temperature system\7122.jpg	oxide scale of temperature system	3
7123.jpg	datas\oxide scale of temperature system\7123.jpg	oxide scale of temperature system	3
7124.jpg	datas\oxide scale of temperature system\7124.jpg	oxide scale of temperature system	3
7125.jpg	datas\oxide scale of temperature system\7125.jpg	oxide scale of temperature system	3
7126.jpg	datas\oxide scale of temperature system\7126.jpg	oxide scale of temperature system	3
7127.jpg	datas\oxide scale of temperature system\7127.jpg	oxide scale of temperature system	3
7128.jpg	datas\oxide scale of temperature system\7128.jpg	oxide scale of temperature system	3
7129.jpg	datas\oxide scale of temperature system\7129.jpg	oxide scale of temperature system	3
7130.jpg	datas\oxide scale of temperature system\7130.jpg	oxide scale of temperature system	3
7131.jpg	datas\oxide scale of temperature system\7131.jpg	oxide scale of temperature system	3
7132.jpg	datas\oxide scale of temperature system\7132.jpg	oxide scale of temperature system	3
7133.jpg	datas\oxide scale of temperature system\7133.jpg	oxide scale of temperature system	3
7134.jpg	datas\oxide scale of temperature system\7134.jpg	oxide scale of temperature system	3
7135.jpg	datas\oxide scale of temperature system\7135.jpg	oxide scale of temperature system	3
7136.jpg	datas\oxide scale of temperature system\7136.jpg	oxide scale of temperature system	3
7137.jpg	datas\oxide scale of temperature system\7137.jpg	oxide scale of temperature system	3
7138.jpg	datas\oxide scale of temperature system\7138.jpg	oxide scale of temperature system	3
7139.jpg	datas\oxide scale of temperature system\7139.jpg	oxide scale of temperature system	3
7140.jpg	datas\oxide scale of temperature system\7140.jpg	oxide scale of temperature system	3
7141.jpg	datas\oxide scale of temperature system\7141.jpg	oxide scale of temperature system	3
7142.jpg	datas\oxide scale of temperature system\7142.jpg	oxide scale of temperature system	3
7143.jpg	datas\oxide scale of temperature system\7143.jpg	oxide scale of temperature system	3
7144.jpg	datas\oxide scale of temperature system\7144.jpg	oxide scale of temperature system	3
7145.jpg	datas\oxide scale of temperature system\7145.jpg	oxide scale of temperature system	3
7146.jpg	datas\oxide scale of temperature system\7146.jpg	oxide scale of temperature system	3
7147.jpg	datas\oxide scale of temperature system\7147.jpg	oxide scale of temperature system	3
7148.jpg	datas\oxide scale of temperature system\7148.jpg	oxide scale of temperature system	3
7149.jpg	datas\oxide scale of temperature system\7149.jpg	oxide scale of temperature system	3
7150.jpg	datas\oxide scale of temperature system\7150.jpg	oxide scale of temperature system	3
7151.jpg	datas\oxide scale of temperature system\7151.jpg	oxide scale of temperature system	3
7152.jpg	datas\oxide scale of temperature system\7152.jpg	oxide scale of temperature system	3
7153.jpg	datas\oxide scale of temperature system\7153.jpg	oxide scale of temperature system	3
7154.jpg	datas\oxide scale of temperature system\7154.jpg	oxide scale of temperature system	3
7155.jpg	datas\oxide scale of temperature system\7155.jpg	oxide scale of temperature system	3
7156.jpg	datas\oxide scale of temperature system\7156.jpg	oxide scale of temperature system	3
7157.jpg	datas\oxide scale of temperature system\7157.jpg	oxide scale of temperature system	3
7158.jpg	datas\oxide scale of temperature system\7158.jpg	oxide scale of temperature system	3
7159.jpg	datas\oxide scale of temperature system\7159.jpg	oxide scale of temperature system	3
7160.jpg	datas\oxide scale of temperature system\7160.jpg	oxide scale of temperature system	3
7161.jpg	datas\oxide scale of temperature system\7161.jpg	oxide scale of temperature system	3
7162.jpg	datas\oxide scale of temperature system\7162.jpg	oxide scale of temperature system	3
7163.jpg	datas\oxide scale of temperature system\7163.jpg	oxide scale of temperature system	3
7164.jpg	datas\oxide scale of temperature system\7164.jpg	oxide scale of temperature system	3
7165.jpg	datas\oxide scale of temperature system\7165.jpg	oxide scale of temperature system	3
7166.jpg	datas\oxide scale of temperature system\7166.jpg	oxide scale of temperature system	3
7167.jpg	datas\oxide scale of temperature system\7167.jpg	oxide scale of temperature system	3
7168.jpg	datas\oxide scale of temperature system\7168.jpg	oxide scale of temperature system	3
7169.jpg	datas\oxide scale of temperature system\7169.jpg	oxide scale of temperature system	3
7170.jpg	datas\oxide scale of temperature system\7170.jpg	oxide scale of temperature system	3
7171.jpg	datas\oxide scale of temperature system\7171.jpg	oxide scale of temperature system	3
7172.jpg	datas\oxide scale of temperature system\7172.jpg	oxide scale of temperature system	3
7173.jpg	datas\oxide scale of temperature system\7173.jpg	oxide scale of temperature system	3
7174.jpg	datas\oxide scale of temperature system\7174.jpg	oxide scale of temperature system	3
7175.jpg	datas\oxide scale of temperature system\7175.jpg	oxide scale of temperature system	3
7176.jpg	datas\oxide scale of temperature system\7176.jpg	oxide scale of temperature system	3
7177.jpg	datas\oxide scale of temperature system\7177.jpg	oxide scale of temperature system	3
7178.jpg	datas\oxide scale of temperature system\7178.jpg	oxide scale of temperature system	3
7179.jpg	datas\oxide scale of temperature system\7179.jpg	oxide scale of temperature system	3
7180.jpg	datas\oxide scale of temperature system\7180.jpg	oxide scale of temperature system	3
7181.jpg	datas\oxide scale of temperature system\7181.jpg	oxide scale of temperature system	3
7182.jpg	datas\oxide scale of temperature system\7182.jpg	oxide scale of temperature system	3
7183.jpg	datas\oxide scale of temperature system\7183.jpg	oxide scale of temperature system	3
7184.jpg	datas\oxide scale of temperature system\7184.jpg	oxide scale of temperature system	3
7185.jpg	datas\oxide scale of temperature system\7185.jpg	oxide scale of temperature system	3
7186.jpg	datas\oxide scale of temperature system\7186.jpg	oxide scale of temperature system	3
7187.jpg	datas\oxide scale of temperature system\7187.jpg	oxide scale of temperature system	3
7188.jpg	datas\oxide scale of temperature system\7188.jpg	oxide scale of temperature system	3
7189.jpg	datas\oxide scale of temperature system\7189.jpg	oxide scale of temperature system	3
7190.jpg	datas\oxide scale of temperature system\7190.jpg	oxide scale of temperature system	3
7191.jpg	datas\oxide scale of temperature system\7191.jpg	oxide scale of temperature system	3
7192.jpg	datas\oxide scale of temperature system\7192.jpg	oxide scale of temperature system	3
7193.jpg	datas\oxide scale of temperature system\7193.jpg	oxide scale of temperature system	3
7194.jpg	datas\oxide scale of temperature system\7194.jpg	oxide scale of temperature system	3
7195.jpg	datas\oxide scale of temperature system\7195.jpg	oxide scale of temperature system	3
7196.jpg	datas\oxide scale of temperature system\7196.jpg	oxide scale of temperature system	3
7197.jpg	datas\oxide scale of temperature system\7197.jpg	oxide scale of temperature system	3
7198.jpg	datas\oxide scale of temperature system\7198.jpg	oxide scale of temperature system	3
7199.jpg	datas\oxide scale of temperature system\7199.jpg	oxide scale of temperature system	3
7200.jpg	datas\oxide scale of temperature system\7200.jpg	oxide scale of temperature system	3
7201.jpg	datas\oxide scale of temperature system\7201.jpg	oxide scale of temperature system	3
7202.jpg	datas\oxide scale of temperature system\7202.jpg	oxide scale of temperature system	3
7203.jpg	datas\oxide scale of temperature system\7203.jpg	oxide scale of temperature system	3
2001.jpg	datas\red iron\2001.jpg	red iron	4
2002.jpg	datas\red iron\2002.jpg	red iron	4
2003.jpg	datas\red iron\2003.jpg	red iron	4
2004.jpg	datas\red iron\2004.jpg	red iron	4
2005.jpg	datas\red iron\2005.jpg	red iron	4
2006.jpg	datas\red iron\2006.jpg	red iron	4
2007.jpg	datas\red iron\2007.jpg	red iron	4
2008.jpg	datas\red iron\2008.jpg	red iron	4
2009.jpg	datas\red iron\2009.jpg	red iron	4
2010.jpg	datas\red iron\2010.jpg	red iron	4
2011.jpg	datas\red iron\2011.jpg	red iron	4
2012.jpg	datas\red iron\2012.jpg	red iron	4
2013.jpg	datas\red iron\2013.jpg	red iron	4
2014.jpg	datas\red iron\2014.jpg	red iron	4
2015.jpg	datas\red iron\2015.jpg	red iron	4
2016.jpg	datas\red iron\2016.jpg	red iron	4
2017.jpg	datas\red iron\2017.jpg	red iron	4
2018.jpg	datas\red iron\2018.jpg	red iron	4
2019.jpg	datas\red iron\2019.jpg	red iron	4
2020.jpg	datas\red iron\2020.jpg	red iron	4
2021.jpg	datas\red iron\2021.jpg	red iron	4
2022.jpg	datas\red iron\2022.jpg	red iron	4
2023.jpg	datas\red iron\2023.jpg	red iron	4
2024.jpg	datas\red iron\2024.jpg	red iron	4
2025.jpg	datas\red iron\2025.jpg	red iron	4
2026.jpg	datas\red iron\2026.jpg	red iron	4
2027.jpg	datas\red iron\2027.jpg	red iron	4
2028.jpg	datas\red iron\2028.jpg	red iron	4
2029.jpg	datas\red iron\2029.jpg	red iron	4
2030.jpg	datas\red iron\2030.jpg	red iron	4
2031.jpg	datas\red iron\2031.jpg	red iron	4
2032.jpg	datas\red iron\2032.jpg	red iron	4
2033.jpg	datas\red iron\2033.jpg	red iron	4
2034.jpg	datas\red iron\2034.jpg	red iron	4
2035.jpg	datas\red iron\2035.jpg	red iron	4
2036.jpg	datas\red iron\2036.jpg	red iron	4
2037.jpg	datas\red iron\2037.jpg	red iron	4
2038.jpg	datas\red iron\2038.jpg	red iron	4
2039.jpg	datas\red iron\2039.jpg	red iron	4
2040.jpg	datas\red iron\2040.jpg	red iron	4
2041.jpg	datas\red iron\2041.jpg	red iron	4
2042.jpg	datas\red iron\2042.jpg	red iron	4
2043.jpg	datas\red iron\2043.jpg	red iron	4
2044.jpg	datas\red iron\2044.jpg	red iron	4
2045.jpg	datas\red iron\2045.jpg	red iron	4
2046.jpg	datas\red iron\2046.jpg	red iron	4
2047.jpg	datas\red iron\2047.jpg	red iron	4
2048.jpg	datas\red iron\2048.jpg	red iron	4
2049.jpg	datas\red iron\2049.jpg	red iron	4
2050.jpg	datas\red iron\2050.jpg	red iron	4
2051.jpg	datas\red iron\2051.jpg	red iron	4
2052.jpg	datas\red iron\2052.jpg	red iron	4
2053.jpg	datas\red iron\2053.jpg	red iron	4
2054.jpg	datas\red iron\2054.jpg	red iron	4
2055.jpg	datas\red iron\2055.jpg	red iron	4
2056.jpg	datas\red iron\2056.jpg	red iron	4
2057.jpg	datas\red iron\2057.jpg	red iron	4
2058.jpg	datas\red iron\2058.jpg	red iron	4
2059.jpg	datas\red iron\2059.jpg	red iron	4
2060.jpg	datas\red iron\2060.jpg	red iron	4
2061.jpg	datas\red iron\2061.jpg	red iron	4
2062.jpg	datas\red iron\2062.jpg	red iron	4
2063.jpg	datas\red iron\2063.jpg	red iron	4
2064.jpg	datas\red iron\2064.jpg	red iron	4
2065.jpg	datas\red iron\2065.jpg	red iron	4
2066.jpg	datas\red iron\2066.jpg	red iron	4
2067.jpg	datas\red iron\2067.jpg	red iron	4
2068.jpg	datas\red iron\2068.jpg	red iron	4
2069.jpg	datas\red iron\2069.jpg	red iron	4
2070.jpg	datas\red iron\2070.jpg	red iron	4
2071.jpg	datas\red iron\2071.jpg	red iron	4
2072.jpg	datas\red iron\2072.jpg	red iron	4
2073.jpg	datas\red iron\2073.jpg	red iron	4
2074.jpg	datas\red iron\2074.jpg	red iron	4
2075.jpg	datas\red iron\2075.jpg	red iron	4
2076.jpg	datas\red iron\2076.jpg	red iron	4
2077.jpg	datas\red iron\2077.jpg	red iron	4
2078.jpg	datas\red iron\2078.jpg	red iron	4
2079.jpg	datas\red iron\2079.jpg	red iron	4
2080.jpg	datas\red iron\2080.jpg	red iron	4
2081.jpg	datas\red iron\2081.jpg	red iron	4
2082.jpg	datas\red iron\2082.jpg	red iron	4
2083.jpg	datas\red iron\2083.jpg	red iron	4
2084.jpg	datas\red iron\2084.jpg	red iron	4
2085.jpg	datas\red iron\2085.jpg	red iron	4
2086.jpg	datas\red iron\2086.jpg	red iron	4
2087.jpg	datas\red iron\2087.jpg	red iron	4
2088.jpg	datas\red iron\2088.jpg	red iron	4
2089.jpg	datas\red iron\2089.jpg	red iron	4
2090.jpg	datas\red iron\2090.jpg	red iron	4
2091.jpg	datas\red iron\2091.jpg	red iron	4
2092.jpg	datas\red iron\2092.jpg	red iron	4
2093.jpg	datas\red iron\2093.jpg	red iron	4
2094.jpg	datas\red iron\2094.jpg	red iron	4
2095.jpg	datas\red iron\2095.jpg	red iron	4
2096.jpg	datas\red iron\2096.jpg	red iron	4
2097.jpg	datas\red iron\2097.jpg	red iron	4
2098.jpg	datas\red iron\2098.jpg	red iron	4
2099.jpg	datas\red iron\2099.jpg	red iron	4
2100.jpg	datas\red iron\2100.jpg	red iron	4
2101.jpg	datas\red iron\2101.jpg	red iron	4
2102.jpg	datas\red iron\2102.jpg	red iron	4
2103.jpg	datas\red iron\2103.jpg	red iron	4
2104.jpg	datas\red iron\2104.jpg	red iron	4
2105.jpg	datas\red iron\2105.jpg	red iron	4
2106.jpg	datas\red iron\2106.jpg	red iron	4
2107.jpg	datas\red iron\2107.jpg	red iron	4
2108.jpg	datas\red iron\2108.jpg	red iron	4
2109.jpg	datas\red iron\2109.jpg	red iron	4
2110.jpg	datas\red iron\2110.jpg	red iron	4
2111.jpg	datas\red iron\2111.jpg	red iron	4
2112.jpg	datas\red iron\2112.jpg	red iron	4
2113.jpg	datas\red iron\2113.jpg	red iron	4
2114.jpg	datas\red iron\2114.jpg	red iron	4
2115.jpg	datas\red iron\2115.jpg	red iron	4
2116.jpg	datas\red iron\2116.jpg	red iron	4
2117.jpg	datas\red iron\2117.jpg	red iron	4
2118.jpg	datas\red iron\2118.jpg	red iron	4
2119.jpg	datas\red iron\2119.jpg	red iron	4
2120.jpg	datas\red iron\2120.jpg	red iron	4
2121.jpg	datas\red iron\2121.jpg	red iron	4
2122.jpg	datas\red iron\2122.jpg	red iron	4
2123.jpg	datas\red iron\2123.jpg	red iron	4
2124.jpg	datas\red iron\2124.jpg	red iron	4
2125.jpg	datas\red iron\2125.jpg	red iron	4
2126.jpg	datas\red iron\2126.jpg	red iron	4
2127.jpg	datas\red iron\2127.jpg	red iron	4
2128.jpg	datas\red iron\2128.jpg	red iron	4
2129.jpg	datas\red iron\2129.jpg	red iron	4
2130.jpg	datas\red iron\2130.jpg	red iron	4
2131.jpg	datas\red iron\2131.jpg	red iron	4
2132.jpg	datas\red iron\2132.jpg	red iron	4
2133.jpg	datas\red iron\2133.jpg	red iron	4
2134.jpg	datas\red iron\2134.jpg	red iron	4
2135.jpg	datas\red iron\2135.jpg	red iron	4
2136.jpg	datas\red iron\2136.jpg	red iron	4
2137.jpg	datas\red iron\2137.jpg	red iron	4
2138.jpg	datas\red iron\2138.jpg	red iron	4
2139.jpg	datas\red iron\2139.jpg	red iron	4
2140.jpg	datas\red iron\2140.jpg	red iron	4
2141.jpg	datas\red iron\2141.jpg	red iron	4
2142.jpg	datas\red iron\2142.jpg	red iron	4
2143.jpg	datas\red iron\2143.jpg	red iron	4
2144.jpg	datas\red iron\2144.jpg	red iron	4
2145.jpg	datas\red iron\2145.jpg	red iron	4
2146.jpg	datas\red iron\2146.jpg	red iron	4
2147.jpg	datas\red iron\2147.jpg	red iron	4
2148.jpg	datas\red iron\2148.jpg	red iron	4
2149.jpg	datas\red iron\2149.jpg	red iron	4
2150.jpg	datas\red iron\2150.jpg	red iron	4
2151.jpg	datas\red iron\2151.jpg	red iron	4
2152.jpg	datas\red iron\2152.jpg	red iron	4
2153.jpg	datas\red iron\2153.jpg	red iron	4
2154.jpg	datas\red iron\2154.jpg	red iron	4
2155.jpg	datas\red iron\2155.jpg	red iron	4
2156.jpg	datas\red iron\2156.jpg	red iron	4
2157.jpg	datas\red iron\2157.jpg	red iron	4
2158.jpg	datas\red iron\2158.jpg	red iron	4
2159.jpg	datas\red iron\2159.jpg	red iron	4
2160.jpg	datas\red iron\2160.jpg	red iron	4
2161.jpg	datas\red iron\2161.jpg	red iron	4
2162.jpg	datas\red iron\2162.jpg	red iron	4
2163.jpg	datas\red iron\2163.jpg	red iron	4
2164.jpg	datas\red iron\2164.jpg	red iron	4
2165.jpg	datas\red iron\2165.jpg	red iron	4
2166.jpg	datas\red iron\2166.jpg	red iron	4
2167.jpg	datas\red iron\2167.jpg	red iron	4
2168.jpg	datas\red iron\2168.jpg	red iron	4
2169.jpg	datas\red iron\2169.jpg	red iron	4
2170.jpg	datas\red iron\2170.jpg	red iron	4
2171.jpg	datas\red iron\2171.jpg	red iron	4
2172.jpg	datas\red iron\2172.jpg	red iron	4
2173.jpg	datas\red iron\2173.jpg	red iron	4
2174.jpg	datas\red iron\2174.jpg	red iron	4
2175.jpg	datas\red iron\2175.jpg	red iron	4
2176.jpg	datas\red iron\2176.jpg	red iron	4
2177.jpg	datas\red iron\2177.jpg	red iron	4
2178.jpg	datas\red iron\2178.jpg	red iron	4
2179.jpg	datas\red iron\2179.jpg	red iron	4
2180.jpg	datas\red iron\2180.jpg	red iron	4
2181.jpg	datas\red iron\2181.jpg	red iron	4
2182.jpg	datas\red iron\2182.jpg	red iron	4
2183.jpg	datas\red iron\2183.jpg	red iron	4
2184.jpg	datas\red iron\2184.jpg	red iron	4
2185.jpg	datas\red iron\2185.jpg	red iron	4
2186.jpg	datas\red iron\2186.jpg	red iron	4
2187.jpg	datas\red iron\2187.jpg	red iron	4
2188.jpg	datas\red iron\2188.jpg	red iron	4
2189.jpg	datas\red iron\2189.jpg	red iron	4
2190.jpg	datas\red iron\2190.jpg	red iron	4
2191.jpg	datas\red iron\2191.jpg	red iron	4
2192.jpg	datas\red iron\2192.jpg	red iron	4
2193.jpg	datas\red iron\2193.jpg	red iron	4
2194.jpg	datas\red iron\2194.jpg	red iron	4
2195.jpg	datas\red iron\2195.jpg	red iron	4
2196.jpg	datas\red iron\2196.jpg	red iron	4
2197.jpg	datas\red iron\2197.jpg	red iron	4
2198.jpg	datas\red iron\2198.jpg	red iron	4
2199.jpg	datas\red iron\2199.jpg	red iron	4
2200.jpg	datas\red iron\2200.jpg	red iron	4
2201.jpg	datas\red iron\2201.jpg	red iron	4
2202.jpg	datas\red iron\2202.jpg	red iron	4
2203.jpg	datas\red iron\2203.jpg	red iron	4
2204.jpg	datas\red iron\2204.jpg	red iron	4
2205.jpg	datas\red iron\2205.jpg	red iron	4
2206.jpg	datas\red iron\2206.jpg	red iron	4
2207.jpg	datas\red iron\2207.jpg	red iron	4
2208.jpg	datas\red iron\2208.jpg	red iron	4
2209.jpg	datas\red iron\2209.jpg	red iron	4
2210.jpg	datas\red iron\2210.jpg	red iron	4
2211.jpg	datas\red iron\2211.jpg	red iron	4
2212.jpg	datas\red iron\2212.jpg	red iron	4
2213.jpg	datas\red iron\2213.jpg	red iron	4
2214.jpg	datas\red iron\2214.jpg	red iron	4
2215.jpg	datas\red iron\2215.jpg	red iron	4
2216.jpg	datas\red iron\2216.jpg	red iron	4
2217.jpg	datas\red iron\2217.jpg	red iron	4
2218.jpg	datas\red iron\2218.jpg	red iron	4
2219.jpg	datas\red iron\2219.jpg	red iron	4
2220.jpg	datas\red iron\2220.jpg	red iron	4
2221.jpg	datas\red iron\2221.jpg	red iron	4
2222.jpg	datas\red iron\2222.jpg	red iron	4
2223.jpg	datas\red iron\2223.jpg	red iron	4
2224.jpg	datas\red iron\2224.jpg	red iron	4
2225.jpg	datas\red iron\2225.jpg	red iron	4
2226.jpg	datas\red iron\2226.jpg	red iron	4
2227.jpg	datas\red iron\2227.jpg	red iron	4
2228.jpg	datas\red iron\2228.jpg	red iron	4
2229.jpg	datas\red iron\2229.jpg	red iron	4
2230.jpg	datas\red iron\2230.jpg	red iron	4
2231.jpg	datas\red iron\2231.jpg	red iron	4
2232.jpg	datas\red iron\2232.jpg	red iron	4
2233.jpg	datas\red iron\2233.jpg	red iron	4
2234.jpg	datas\red iron\2234.jpg	red iron	4
2235.jpg	datas\red iron\2235.jpg	red iron	4
2236.jpg	datas\red iron\2236.jpg	red iron	4
2237.jpg	datas\red iron\2237.jpg	red iron	4
2238.jpg	datas\red iron\2238.jpg	red iron	4
2239.jpg	datas\red iron\2239.jpg	red iron	4
2240.jpg	datas\red iron\2240.jpg	red iron	4
2241.jpg	datas\red iron\2241.jpg	red iron	4
2242.jpg	datas\red iron\2242.jpg	red iron	4
2243.jpg	datas\red iron\2243.jpg	red iron	4
2244.jpg	datas\red iron\2244.jpg	red iron	4
2245.jpg	datas\red iron\2245.jpg	red iron	4
2246.jpg	datas\red iron\2246.jpg	red iron	4
2247.jpg	datas\red iron\2247.jpg	red iron	4
2248.jpg	datas\red iron\2248.jpg	red iron	4
2249.jpg	datas\red iron\2249.jpg	red iron	4
2250.jpg	datas\red iron\2250.jpg	red iron	4
2251.jpg	datas\red iron\2251.jpg	red iron	4
2252.jpg	datas\red iron\2252.jpg	red iron	4
2253.jpg	datas\red iron\2253.jpg	red iron	4
2254.jpg	datas\red iron\2254.jpg	red iron	4
2255.jpg	datas\red iron\2255.jpg	red iron	4
2256.jpg	datas\red iron\2256.jpg	red iron	4
2257.jpg	datas\red iron\2257.jpg	red iron	4
2258.jpg	datas\red iron\2258.jpg	red iron	4
2259.jpg	datas\red iron\2259.jpg	red iron	4
2260.jpg	datas\red iron\2260.jpg	red iron	4
2261.jpg	datas\red iron\2261.jpg	red iron	4
2262.jpg	datas\red iron\2262.jpg	red iron	4
2263.jpg	datas\red iron\2263.jpg	red iron	4
2264.jpg	datas\red iron\2264.jpg	red iron	4
2265.jpg	datas\red iron\2265.jpg	red iron	4
2266.jpg	datas\red iron\2266.jpg	red iron	4
2267.jpg	datas\red iron\2267.jpg	red iron	4
2268.jpg	datas\red iron\2268.jpg	red iron	4
2269.jpg	datas\red iron\2269.jpg	red iron	4
2270.jpg	datas\red iron\2270.jpg	red iron	4
2271.jpg	datas\red iron\2271.jpg	red iron	4
2272.jpg	datas\red iron\2272.jpg	red iron	4
2273.jpg	datas\red iron\2273.jpg	red iron	4
2274.jpg	datas\red iron\2274.jpg	red iron	4
2275.jpg	datas\red iron\2275.jpg	red iron	4
2276.jpg	datas\red iron\2276.jpg	red iron	4
2277.jpg	datas\red iron\2277.jpg	red iron	4
2278.jpg	datas\red iron\2278.jpg	red iron	4
2279.jpg	datas\red iron\2279.jpg	red iron	4
2280.jpg	datas\red iron\2280.jpg	red iron	4
2281.jpg	datas\red iron\2281.jpg	red iron	4
2282.jpg	datas\red iron\2282.jpg	red iron	4
2283.jpg	datas\red iron\2283.jpg	red iron	4
2284.jpg	datas\red iron\2284.jpg	red iron	4
2285.jpg	datas\red iron\2285.jpg	red iron	4
2286.jpg	datas\red iron\2286.jpg	red iron	4
2287.jpg	datas\red iron\2287.jpg	red iron	4
2288.jpg	datas\red iron\2288.jpg	red iron	4
2289.jpg	datas\red iron\2289.jpg	red iron	4
2290.jpg	datas\red iron\2290.jpg	red iron	4
2291.jpg	datas\red iron\2291.jpg	red iron	4
2292.jpg	datas\red iron\2292.jpg	red iron	4
2293.jpg	datas\red iron\2293.jpg	red iron	4
2294.jpg	datas\red iron\2294.jpg	red iron	4
2295.jpg	datas\red iron\2295.jpg	red iron	4
2296.jpg	datas\red iron\2296.jpg	red iron	4
2297.jpg	datas\red iron\2297.jpg	red iron	4
2298.jpg	datas\red iron\2298.jpg	red iron	4
2299.jpg	datas\red iron\2299.jpg	red iron	4
2300.jpg	datas\red iron\2300.jpg	red iron	4
2301.jpg	datas\red iron\2301.jpg	red iron	4
2302.jpg	datas\red iron\2302.jpg	red iron	4
2303.jpg	datas\red iron\2303.jpg	red iron	4
2304.jpg	datas\red iron\2304.jpg	red iron	4
2305.jpg	datas\red iron\2305.jpg	red iron	4
2306.jpg	datas\red iron\2306.jpg	red iron	4
2307.jpg	datas\red iron\2307.jpg	red iron	4
2308.jpg	datas\red iron\2308.jpg	red iron	4
2309.jpg	datas\red iron\2309.jpg	red iron	4
2310.jpg	datas\red iron\2310.jpg	red iron	4
2311.jpg	datas\red iron\2311.jpg	red iron	4
2312.jpg	datas\red iron\2312.jpg	red iron	4
2313.jpg	datas\red iron\2313.jpg	red iron	4
2314.jpg	datas\red iron\2314.jpg	red iron	4
2315.jpg	datas\red iron\2315.jpg	red iron	4
2316.jpg	datas\red iron\2316.jpg	red iron	4
2317.jpg	datas\red iron\2317.jpg	red iron	4
2318.jpg	datas\red iron\2318.jpg	red iron	4
2319.jpg	datas\red iron\2319.jpg	red iron	4
2320.jpg	datas\red iron\2320.jpg	red iron	4
2321.jpg	datas\red iron\2321.jpg	red iron	4
2322.jpg	datas\red iron\2322.jpg	red iron	4
2323.jpg	datas\red iron\2323.jpg	red iron	4
2324.jpg	datas\red iron\2324.jpg	red iron	4
2325.jpg	datas\red iron\2325.jpg	red iron	4
2326.jpg	datas\red iron\2326.jpg	red iron	4
2327.jpg	datas\red iron\2327.jpg	red iron	4
2328.jpg	datas\red iron\2328.jpg	red iron	4
2329.jpg	datas\red iron\2329.jpg	red iron	4
2330.jpg	datas\red iron\2330.jpg	red iron	4
2331.jpg	datas\red iron\2331.jpg	red iron	4
2332.jpg	datas\red iron\2332.jpg	red iron	4
2333.jpg	datas\red iron\2333.jpg	red iron	4
2334.jpg	datas\red iron\2334.jpg	red iron	4
2335.jpg	datas\red iron\2335.jpg	red iron	4
2336.jpg	datas\red iron\2336.jpg	red iron	4
2337.jpg	datas\red iron\2337.jpg	red iron	4
2338.jpg	datas\red iron\2338.jpg	red iron	4
2339.jpg	datas\red iron\2339.jpg	red iron	4
2340.jpg	datas\red iron\2340.jpg	red iron	4
2341.jpg	datas\red iron\2341.jpg	red iron	4
2342.jpg	datas\red iron\2342.jpg	red iron	4
2343.jpg	datas\red iron\2343.jpg	red iron	4
2344.jpg	datas\red iron\2344.jpg	red iron	4
2345.jpg	datas\red iron\2345.jpg	red iron	4
2346.jpg	datas\red iron\2346.jpg	red iron	4
2347.jpg	datas\red iron\2347.jpg	red iron	4
2348.jpg	datas\red iron\2348.jpg	red iron	4
2349.jpg	datas\red iron\2349.jpg	red iron	4
2350.jpg	datas\red iron\2350.jpg	red iron	4
2351.jpg	datas\red iron\2351.jpg	red iron	4
2352.jpg	datas\red iron\2352.jpg	red iron	4
2353.jpg	datas\red iron\2353.jpg	red iron	4
2354.jpg	datas\red iron\2354.jpg	red iron	4
2355.jpg	datas\red iron\2355.jpg	red iron	4
2356.jpg	datas\red iron\2356.jpg	red iron	4
2357.jpg	datas\red iron\2357.jpg	red iron	4
2358.jpg	datas\red iron\2358.jpg	red iron	4
2359.jpg	datas\red iron\2359.jpg	red iron	4
2360.jpg	datas\red iron\2360.jpg	red iron	4
2361.jpg	datas\red iron\2361.jpg	red iron	4
2362.jpg	datas\red iron\2362.jpg	red iron	4
2363.jpg	datas\red iron\2363.jpg	red iron	4
2364.jpg	datas\red iron\2364.jpg	red iron	4
2365.jpg	datas\red iron\2365.jpg	red iron	4
2366.jpg	datas\red iron\2366.jpg	red iron	4
2367.jpg	datas\red iron\2367.jpg	red iron	4
2368.jpg	datas\red iron\2368.jpg	red iron	4
2369.jpg	datas\red iron\2369.jpg	red iron	4
2370.jpg	datas\red iron\2370.jpg	red iron	4
2371.jpg	datas\red iron\2371.jpg	red iron	4
2372.jpg	datas\red iron\2372.jpg	red iron	4
2373.jpg	datas\red iron\2373.jpg	red iron	4
2374.jpg	datas\red iron\2374.jpg	red iron	4
2375.jpg	datas\red iron\2375.jpg	red iron	4
2376.jpg	datas\red iron\2376.jpg	red iron	4
2377.jpg	datas\red iron\2377.jpg	red iron	4
2378.jpg	datas\red iron\2378.jpg	red iron	4
2379.jpg	datas\red iron\2379.jpg	red iron	4
2380.jpg	datas\red iron\2380.jpg	red iron	4
2381.jpg	datas\red iron\2381.jpg	red iron	4
2382.jpg	datas\red iron\2382.jpg	red iron	4
2383.jpg	datas\red iron\2383.jpg	red iron	4
2384.jpg	datas\red iron\2384.jpg	red iron	4
2385.jpg	datas\red iron\2385.jpg	red iron	4
2386.jpg	datas\red iron\2386.jpg	red iron	4
2387.jpg	datas\red iron\2387.jpg	red iron	4
2388.jpg	datas\red iron\2388.jpg	red iron	4
2389.jpg	datas\red iron\2389.jpg	red iron	4
2390.jpg	datas\red iron\2390.jpg	red iron	4
2391.jpg	datas\red iron\2391.jpg	red iron	4
2392.jpg	datas\red iron\2392.jpg	red iron	4
2393.jpg	datas\red iron\2393.jpg	red iron	4
2394.jpg	datas\red iron\2394.jpg	red iron	4
2395.jpg	datas\red iron\2395.jpg	red iron	4
2396.jpg	datas\red iron\2396.jpg	red iron	4
2397.jpg	datas\red iron\2397.jpg	red iron	4
1001.jpg	datas\slag inclusion\1001.jpg	slag inclusion	5
1002.jpg	datas\slag inclusion\1002.jpg	slag inclusion	5
1003.jpg	datas\slag inclusion\1003.jpg	slag inclusion	5
1004.jpg	datas\slag inclusion\1004.jpg	slag inclusion	5
1005.jpg	datas\slag inclusion\1005.jpg	slag inclusion	5
1006.jpg	datas\slag inclusion\1006.jpg	slag inclusion	5
1007.jpg	datas\slag inclusion\1007.jpg	slag inclusion	5
1008.jpg	datas\slag inclusion\1008.jpg	slag inclusion	5
1009.jpg	datas\slag inclusion\1009.jpg	slag inclusion	5
1010.jpg	datas\slag inclusion\1010.jpg	slag inclusion	5
1011.jpg	datas\slag inclusion\1011.jpg	slag inclusion	5
1012.jpg	datas\slag inclusion\1012.jpg	slag inclusion	5
1013.jpg	datas\slag inclusion\1013.jpg	slag inclusion	5
1014.jpg	datas\slag inclusion\1014.jpg	slag inclusion	5
1015.jpg	datas\slag inclusion\1015.jpg	slag inclusion	5
1016.jpg	datas\slag inclusion\1016.jpg	slag inclusion	5
1017.jpg	datas\slag inclusion\1017.jpg	slag inclusion	5
1018.jpg	datas\slag inclusion\1018.jpg	slag inclusion	5
1019.jpg	datas\slag inclusion\1019.jpg	slag inclusion	5
1020.jpg	datas\slag inclusion\1020.jpg	slag inclusion	5
1021.jpg	datas\slag inclusion\1021.jpg	slag inclusion	5
1022.jpg	datas\slag inclusion\1022.jpg	slag inclusion	5
1023.jpg	datas\slag inclusion\1023.jpg	slag inclusion	5
1024.jpg	datas\slag inclusion\1024.jpg	slag inclusion	5
1025.jpg	datas\slag inclusion\1025.jpg	slag inclusion	5
1026.jpg	datas\slag inclusion\1026.jpg	slag inclusion	5
1027.jpg	datas\slag inclusion\1027.jpg	slag inclusion	5
1028.jpg	datas\slag inclusion\1028.jpg	slag inclusion	5
1029.jpg	datas\slag inclusion\1029.jpg	slag inclusion	5
1030.jpg	datas\slag inclusion\1030.jpg	slag inclusion	5
1031.jpg	datas\slag inclusion\1031.jpg	slag inclusion	5
1032.jpg	datas\slag inclusion\1032.jpg	slag inclusion	5
1033.jpg	datas\slag inclusion\1033.jpg	slag inclusion	5
1034.jpg	datas\slag inclusion\1034.jpg	slag inclusion	5
1035.jpg	datas\slag inclusion\1035.jpg	slag inclusion	5
1036.jpg	datas\slag inclusion\1036.jpg	slag inclusion	5
1037.jpg	datas\slag inclusion\1037.jpg	slag inclusion	5
1038.jpg	datas\slag inclusion\1038.jpg	slag inclusion	5
1039.jpg	datas\slag inclusion\1039.jpg	slag inclusion	5
1040.jpg	datas\slag inclusion\1040.jpg	slag inclusion	5
1041.jpg	datas\slag inclusion\1041.jpg	slag inclusion	5
1042.jpg	datas\slag inclusion\1042.jpg	slag inclusion	5
1043.jpg	datas\slag inclusion\1043.jpg	slag inclusion	5
1044.jpg	datas\slag inclusion\1044.jpg	slag inclusion	5
1045.jpg	datas\slag inclusion\1045.jpg	slag inclusion	5
1046.jpg	datas\slag inclusion\1046.jpg	slag inclusion	5
1047.jpg	datas\slag inclusion\1047.jpg	slag inclusion	5
1048.jpg	datas\slag inclusion\1048.jpg	slag inclusion	5
1049.jpg	datas\slag inclusion\1049.jpg	slag inclusion	5
1050.jpg	datas\slag inclusion\1050.jpg	slag inclusion	5
1051.jpg	datas\slag inclusion\1051.jpg	slag inclusion	5
1052.jpg	datas\slag inclusion\1052.jpg	slag inclusion	5
1053.jpg	datas\slag inclusion\1053.jpg	slag inclusion	5
1054.jpg	datas\slag inclusion\1054.jpg	slag inclusion	5
1055.jpg	datas\slag inclusion\1055.jpg	slag inclusion	5
1056.jpg	datas\slag inclusion\1056.jpg	slag inclusion	5
1057.jpg	datas\slag inclusion\1057.jpg	slag inclusion	5
1058.jpg	datas\slag inclusion\1058.jpg	slag inclusion	5
1059.jpg	datas\slag inclusion\1059.jpg	slag inclusion	5
1060.jpg	datas\slag inclusion\1060.jpg	slag inclusion	5
1061.jpg	datas\slag inclusion\1061.jpg	slag inclusion	5
1062.jpg	datas\slag inclusion\1062.jpg	slag inclusion	5
1063.jpg	datas\slag inclusion\1063.jpg	slag inclusion	5
1064.jpg	datas\slag inclusion\1064.jpg	slag inclusion	5
1065.jpg	datas\slag inclusion\1065.jpg	slag inclusion	5
1066.jpg	datas\slag inclusion\1066.jpg	slag inclusion	5
1067.jpg	datas\slag inclusion\1067.jpg	slag inclusion	5
1068.jpg	datas\slag inclusion\1068.jpg	slag inclusion	5
1069.jpg	datas\slag inclusion\1069.jpg	slag inclusion	5
1070.jpg	datas\slag inclusion\1070.jpg	slag inclusion	5
1071.jpg	datas\slag inclusion\1071.jpg	slag inclusion	5
1072.jpg	datas\slag inclusion\1072.jpg	slag inclusion	5
1073.jpg	datas\slag inclusion\1073.jpg	slag inclusion	5
1074.jpg	datas\slag inclusion\1074.jpg	slag inclusion	5
1075.jpg	datas\slag inclusion\1075.jpg	slag inclusion	5
1076.jpg	datas\slag inclusion\1076.jpg	slag inclusion	5
1077.jpg	datas\slag inclusion\1077.jpg	slag inclusion	5
1078.jpg	datas\slag inclusion\1078.jpg	slag inclusion	5
1079.jpg	datas\slag inclusion\1079.jpg	slag inclusion	5
1080.jpg	datas\slag inclusion\1080.jpg	slag inclusion	5
1081.jpg	datas\slag inclusion\1081.jpg	slag inclusion	5
1082.jpg	datas\slag inclusion\1082.jpg	slag inclusion	5
1083.jpg	datas\slag inclusion\1083.jpg	slag inclusion	5
1084.jpg	datas\slag inclusion\1084.jpg	slag inclusion	5
1085.jpg	datas\slag inclusion\1085.jpg	slag inclusion	5
1086.jpg	datas\slag inclusion\1086.jpg	slag inclusion	5
1087.jpg	datas\slag inclusion\1087.jpg	slag inclusion	5
1088.jpg	datas\slag inclusion\1088.jpg	slag inclusion	5
1089.jpg	datas\slag inclusion\1089.jpg	slag inclusion	5
1090.jpg	datas\slag inclusion\1090.jpg	slag inclusion	5
1091.jpg	datas\slag inclusion\1091.jpg	slag inclusion	5
1092.jpg	datas\slag inclusion\1092.jpg	slag inclusion	5
1093.jpg	datas\slag inclusion\1093.jpg	slag inclusion	5
1094.jpg	datas\slag inclusion\1094.jpg	slag inclusion	5
1095.jpg	datas\slag inclusion\1095.jpg	slag inclusion	5
1096.jpg	datas\slag inclusion\1096.jpg	slag inclusion	5
1097.jpg	datas\slag inclusion\1097.jpg	slag inclusion	5
1098.jpg	datas\slag inclusion\1098.jpg	slag inclusion	5
1099.jpg	datas\slag inclusion\1099.jpg	slag inclusion	5
1100.jpg	datas\slag inclusion\1100.jpg	slag inclusion	5
1101.jpg	datas\slag inclusion\1101.jpg	slag inclusion	5
1102.jpg	datas\slag inclusion\1102.jpg	slag inclusion	5
1103.jpg	datas\slag inclusion\1103.jpg	slag inclusion	5
1104.jpg	datas\slag inclusion\1104.jpg	slag inclusion	5
1105.jpg	datas\slag inclusion\1105.jpg	slag inclusion	5
1106.jpg	datas\slag inclusion\1106.jpg	slag inclusion	5
1107.jpg	datas\slag inclusion\1107.jpg	slag inclusion	5
1108.jpg	datas\slag inclusion\1108.jpg	slag inclusion	5
1109.jpg	datas\slag inclusion\1109.jpg	slag inclusion	5
1110.jpg	datas\slag inclusion\1110.jpg	slag inclusion	5
1111.jpg	datas\slag inclusion\1111.jpg	slag inclusion	5
1112.jpg	datas\slag inclusion\1112.jpg	slag inclusion	5
1113.jpg	datas\slag inclusion\1113.jpg	slag inclusion	5
1114.jpg	datas\slag inclusion\1114.jpg	slag inclusion	5
1115.jpg	datas\slag inclusion\1115.jpg	slag inclusion	5
1116.jpg	datas\slag inclusion\1116.jpg	slag inclusion	5
1117.jpg	datas\slag inclusion\1117.jpg	slag inclusion	5
1118.jpg	datas\slag inclusion\1118.jpg	slag inclusion	5
1119.jpg	datas\slag inclusion\1119.jpg	slag inclusion	5
1120.jpg	datas\slag inclusion\1120.jpg	slag inclusion	5
1121.jpg	datas\slag inclusion\1121.jpg	slag inclusion	5
1122.jpg	datas\slag inclusion\1122.jpg	slag inclusion	5
1123.jpg	datas\slag inclusion\1123.jpg	slag inclusion	5
1124.jpg	datas\slag inclusion\1124.jpg	slag inclusion	5
1125.jpg	datas\slag inclusion\1125.jpg	slag inclusion	5
1126.jpg	datas\slag inclusion\1126.jpg	slag inclusion	5
1127.jpg	datas\slag inclusion\1127.jpg	slag inclusion	5
1128.jpg	datas\slag inclusion\1128.jpg	slag inclusion	5
1129.jpg	datas\slag inclusion\1129.jpg	slag inclusion	5
1130.jpg	datas\slag inclusion\1130.jpg	slag inclusion	5
1131.jpg	datas\slag inclusion\1131.jpg	slag inclusion	5
1132.jpg	datas\slag inclusion\1132.jpg	slag inclusion	5
1133.jpg	datas\slag inclusion\1133.jpg	slag inclusion	5
1134.jpg	datas\slag inclusion\1134.jpg	slag inclusion	5
1135.jpg	datas\slag inclusion\1135.jpg	slag inclusion	5
1136.jpg	datas\slag inclusion\1136.jpg	slag inclusion	5
1137.jpg	datas\slag inclusion\1137.jpg	slag inclusion	5
1138.jpg	datas\slag inclusion\1138.jpg	slag inclusion	5
1139.jpg	datas\slag inclusion\1139.jpg	slag inclusion	5
1140.jpg	datas\slag inclusion\1140.jpg	slag inclusion	5
1141.jpg	datas\slag inclusion\1141.jpg	slag inclusion	5
1142.jpg	datas\slag inclusion\1142.jpg	slag inclusion	5
1143.jpg	datas\slag inclusion\1143.jpg	slag inclusion	5
1144.jpg	datas\slag inclusion\1144.jpg	slag inclusion	5
1145.jpg	datas\slag inclusion\1145.jpg	slag inclusion	5
1146.jpg	datas\slag inclusion\1146.jpg	slag inclusion	5
1147.jpg	datas\slag inclusion\1147.jpg	slag inclusion	5
1148.jpg	datas\slag inclusion\1148.jpg	slag inclusion	5
1149.jpg	datas\slag inclusion\1149.jpg	slag inclusion	5
1150.jpg	datas\slag inclusion\1150.jpg	slag inclusion	5
1151.jpg	datas\slag inclusion\1151.jpg	slag inclusion	5
1152.jpg	datas\slag inclusion\1152.jpg	slag inclusion	5
1153.jpg	datas\slag inclusion\1153.jpg	slag inclusion	5
1154.jpg	datas\slag inclusion\1154.jpg	slag inclusion	5
1155.jpg	datas\slag inclusion\1155.jpg	slag inclusion	5
1156.jpg	datas\slag inclusion\1156.jpg	slag inclusion	5
1157.jpg	datas\slag inclusion\1157.jpg	slag inclusion	5
1158.jpg	datas\slag inclusion\1158.jpg	slag inclusion	5
1159.jpg	datas\slag inclusion\1159.jpg	slag inclusion	5
1160.jpg	datas\slag inclusion\1160.jpg	slag inclusion	5
1161.jpg	datas\slag inclusion\1161.jpg	slag inclusion	5
1162.jpg	datas\slag inclusion\1162.jpg	slag inclusion	5
1163.jpg	datas\slag inclusion\1163.jpg	slag inclusion	5
1164.jpg	datas\slag inclusion\1164.jpg	slag inclusion	5
1165.jpg	datas\slag inclusion\1165.jpg	slag inclusion	5
1166.jpg	datas\slag inclusion\1166.jpg	slag inclusion	5
1167.jpg	datas\slag inclusion\1167.jpg	slag inclusion	5
1168.jpg	datas\slag inclusion\1168.jpg	slag inclusion	5
1169.jpg	datas\slag inclusion\1169.jpg	slag inclusion	5
1170.jpg	datas\slag inclusion\1170.jpg	slag inclusion	5
1171.jpg	datas\slag inclusion\1171.jpg	slag inclusion	5
1172.jpg	datas\slag inclusion\1172.jpg	slag inclusion	5
1173.jpg	datas\slag inclusion\1173.jpg	slag inclusion	5
1174.jpg	datas\slag inclusion\1174.jpg	slag inclusion	5
1175.jpg	datas\slag inclusion\1175.jpg	slag inclusion	5
1176.jpg	datas\slag inclusion\1176.jpg	slag inclusion	5
1177.jpg	datas\slag inclusion\1177.jpg	slag inclusion	5
1178.jpg	datas\slag inclusion\1178.jpg	slag inclusion	5
1179.jpg	datas\slag inclusion\1179.jpg	slag inclusion	5
1180.jpg	datas\slag inclusion\1180.jpg	slag inclusion	5
1181.jpg	datas\slag inclusion\1181.jpg	slag inclusion	5
1182.jpg	datas\slag inclusion\1182.jpg	slag inclusion	5
1183.jpg	datas\slag inclusion\1183.jpg	slag inclusion	5
1184.jpg	datas\slag inclusion\1184.jpg	slag inclusion	5
1185.jpg	datas\slag inclusion\1185.jpg	slag inclusion	5
1186.jpg	datas\slag inclusion\1186.jpg	slag inclusion	5
1187.jpg	datas\slag inclusion\1187.jpg	slag inclusion	5
1188.jpg	datas\slag inclusion\1188.jpg	slag inclusion	5
1189.jpg	datas\slag inclusion\1189.jpg	slag inclusion	5
1190.jpg	datas\slag inclusion\1190.jpg	slag inclusion	5
1191.jpg	datas\slag inclusion\1191.jpg	slag inclusion	5
1192.jpg	datas\slag inclusion\1192.jpg	slag inclusion	5
1193.jpg	datas\slag inclusion\1193.jpg	slag inclusion	5
1194.jpg	datas\slag inclusion\1194.jpg	slag inclusion	5
1195.jpg	datas\slag inclusion\1195.jpg	slag inclusion	5
1196.jpg	datas\slag inclusion\1196.jpg	slag inclusion	5
1197.jpg	datas\slag inclusion\1197.jpg	slag inclusion	5
1198.jpg	datas\slag inclusion\1198.jpg	slag inclusion	5
1199.jpg	datas\slag inclusion\1199.jpg	slag inclusion	5
1200.jpg	datas\slag inclusion\1200.jpg	slag inclusion	5
1201.jpg	datas\slag inclusion\1201.jpg	slag inclusion	5
1202.jpg	datas\slag inclusion\1202.jpg	slag inclusion	5
1203.jpg	datas\slag inclusion\1203.jpg	slag inclusion	5
1204.jpg	datas\slag inclusion\1204.jpg	slag inclusion	5
1205.jpg	datas\slag inclusion\1205.jpg	slag inclusion	5
1206.jpg	datas\slag inclusion\1206.jpg	slag inclusion	5
1207.jpg	datas\slag inclusion\1207.jpg	slag inclusion	5
1208.jpg	datas\slag inclusion\1208.jpg	slag inclusion	5
1209.jpg	datas\slag inclusion\1209.jpg	slag inclusion	5
1210.jpg	datas\slag inclusion\1210.jpg	slag inclusion	5
1211.jpg	datas\slag inclusion\1211.jpg	slag inclusion	5
1212.jpg	datas\slag inclusion\1212.jpg	slag inclusion	5
1213.jpg	datas\slag inclusion\1213.jpg	slag inclusion	5
1214.jpg	datas\slag inclusion\1214.jpg	slag inclusion	5
1215.jpg	datas\slag inclusion\1215.jpg	slag inclusion	5
1216.jpg	datas\slag inclusion\1216.jpg	slag inclusion	5
1217.jpg	datas\slag inclusion\1217.jpg	slag inclusion	5
1218.jpg	datas\slag inclusion\1218.jpg	slag inclusion	5
1219.jpg	datas\slag inclusion\1219.jpg	slag inclusion	5
1220.jpg	datas\slag inclusion\1220.jpg	slag inclusion	5
1221.jpg	datas\slag inclusion\1221.jpg	slag inclusion	5
1222.jpg	datas\slag inclusion\1222.jpg	slag inclusion	5
1223.jpg	datas\slag inclusion\1223.jpg	slag inclusion	5
1224.jpg	datas\slag inclusion\1224.jpg	slag inclusion	5
1225.jpg	datas\slag inclusion\1225.jpg	slag inclusion	5
1226.jpg	datas\slag inclusion\1226.jpg	slag inclusion	5
1227.jpg	datas\slag inclusion\1227.jpg	slag inclusion	5
1228.jpg	datas\slag inclusion\1228.jpg	slag inclusion	5
1229.jpg	datas\slag inclusion\1229.jpg	slag inclusion	5
1230.jpg	datas\slag inclusion\1230.jpg	slag inclusion	5
1231.jpg	datas\slag inclusion\1231.jpg	slag inclusion	5
1232.jpg	datas\slag inclusion\1232.jpg	slag inclusion	5
1233.jpg	datas\slag inclusion\1233.jpg	slag inclusion	5
1234.jpg	datas\slag inclusion\1234.jpg	slag inclusion	5
1235.jpg	datas\slag inclusion\1235.jpg	slag inclusion	5
1236.jpg	datas\slag inclusion\1236.jpg	slag inclusion	5
1237.jpg	datas\slag inclusion\1237.jpg	slag inclusion	5
1238.jpg	datas\slag inclusion\1238.jpg	slag inclusion	5
4001.jpg	datas\surface scratch\4001.jpg	surface scratch	6
4002.jpg	datas\surface scratch\4002.jpg	surface scratch	6
4003.jpg	datas\surface scratch\4003.jpg	surface scratch	6
4004.jpg	datas\surface scratch\4004.jpg	surface scratch	6
4005.jpg	datas\surface scratch\4005.jpg	surface scratch	6
4006.jpg	datas\surface scratch\4006.jpg	surface scratch	6
4007.jpg	datas\surface scratch\4007.jpg	surface scratch	6
4008.jpg	datas\surface scratch\4008.jpg	surface scratch	6
4009.jpg	datas\surface scratch\4009.jpg	surface scratch	6
4010.jpg	datas\surface scratch\4010.jpg	surface scratch	6
4011.jpg	datas\surface scratch\4011.jpg	surface scratch	6
4012.jpg	datas\surface scratch\4012.jpg	surface scratch	6
4013.jpg	datas\surface scratch\4013.jpg	surface scratch	6
4014.jpg	datas\surface scratch\4014.jpg	surface scratch	6
4015.jpg	datas\surface scratch\4015.jpg	surface scratch	6
4016.jpg	datas\surface scratch\4016.jpg	surface scratch	6
4017.jpg	datas\surface scratch\4017.jpg	surface scratch	6
4018.jpg	datas\surface scratch\4018.jpg	surface scratch	6
4019.jpg	datas\surface scratch\4019.jpg	surface scratch	6
4020.jpg	datas\surface scratch\4020.jpg	surface scratch	6
4021.jpg	datas\surface scratch\4021.jpg	surface scratch	6
4022.jpg	datas\surface scratch\4022.jpg	surface scratch	6
4023.jpg	datas\surface scratch\4023.jpg	surface scratch	6
4024.jpg	datas\surface scratch\4024.jpg	surface scratch	6
4025.jpg	datas\surface scratch\4025.jpg	surface scratch	6
4026.jpg	datas\surface scratch\4026.jpg	surface scratch	6
4027.jpg	datas\surface scratch\4027.jpg	surface scratch	6
4028.jpg	datas\surface scratch\4028.jpg	surface scratch	6
4029.jpg	datas\surface scratch\4029.jpg	surface scratch	6
4030.jpg	datas\surface scratch\4030.jpg	surface scratch	6
4031.jpg	datas\surface scratch\4031.jpg	surface scratch	6
4032.jpg	datas\surface scratch\4032.jpg	surface scratch	6
4033.jpg	datas\surface scratch\4033.jpg	surface scratch	6
4034.jpg	datas\surface scratch\4034.jpg	surface scratch	6
4035.jpg	datas\surface scratch\4035.jpg	surface scratch	6
4036.jpg	datas\surface scratch\4036.jpg	surface scratch	6
4037.jpg	datas\surface scratch\4037.jpg	surface scratch	6
4038.jpg	datas\surface scratch\4038.jpg	surface scratch	6
4039.jpg	datas\surface scratch\4039.jpg	surface scratch	6
4040.jpg	datas\surface scratch\4040.jpg	surface scratch	6
4041.jpg	datas\surface scratch\4041.jpg	surface scratch	6
4042.jpg	datas\surface scratch\4042.jpg	surface scratch	6
4043.jpg	datas\surface scratch\4043.jpg	surface scratch	6
4044.jpg	datas\surface scratch\4044.jpg	surface scratch	6
4045.jpg	datas\surface scratch\4045.jpg	surface scratch	6
4046.jpg	datas\surface scratch\4046.jpg	surface scratch	6
4047.jpg	datas\surface scratch\4047.jpg	surface scratch	6
4048.jpg	datas\surface scratch\4048.jpg	surface scratch	6
4049.jpg	datas\surface scratch\4049.jpg	surface scratch	6
4050.jpg	datas\surface scratch\4050.jpg	surface scratch	6
4051.jpg	datas\surface scratch\4051.jpg	surface scratch	6
4052.jpg	datas\surface scratch\4052.jpg	surface scratch	6
4053.jpg	datas\surface scratch\4053.jpg	surface scratch	6
4054.jpg	datas\surface scratch\4054.jpg	surface scratch	6
4055.jpg	datas\surface scratch\4055.jpg	surface scratch	6
4056.jpg	datas\surface scratch\4056.jpg	surface scratch	6
4057.jpg	datas\surface scratch\4057.jpg	surface scratch	6
4058.jpg	datas\surface scratch\4058.jpg	surface scratch	6
4059.jpg	datas\surface scratch\4059.jpg	surface scratch	6
4060.jpg	datas\surface scratch\4060.jpg	surface scratch	6
4061.jpg	datas\surface scratch\4061.jpg	surface scratch	6
4062.jpg	datas\surface scratch\4062.jpg	surface scratch	6
4063.jpg	datas\surface scratch\4063.jpg	surface scratch	6
4064.jpg	datas\surface scratch\4064.jpg	surface scratch	6
4065.jpg	datas\surface scratch\4065.jpg	surface scratch	6
4066.jpg	datas\surface scratch\4066.jpg	surface scratch	6
4067.jpg	datas\surface scratch\4067.jpg	surface scratch	6
4068.jpg	datas\surface scratch\4068.jpg	surface scratch	6
4069.jpg	datas\surface scratch\4069.jpg	surface scratch	6
4070.jpg	datas\surface scratch\4070.jpg	surface scratch	6
4071.jpg	datas\surface scratch\4071.jpg	surface scratch	6
4072.jpg	datas\surface scratch\4072.jpg	surface scratch	6
4073.jpg	datas\surface scratch\4073.jpg	surface scratch	6
4074.jpg	datas\surface scratch\4074.jpg	surface scratch	6
4075.jpg	datas\surface scratch\4075.jpg	surface scratch	6
4076.jpg	datas\surface scratch\4076.jpg	surface scratch	6
4077.jpg	datas\surface scratch\4077.jpg	surface scratch	6
4078.jpg	datas\surface scratch\4078.jpg	surface scratch	6
4079.jpg	datas\surface scratch\4079.jpg	surface scratch	6
4080.jpg	datas\surface scratch\4080.jpg	surface scratch	6
4081.jpg	datas\surface scratch\4081.jpg	surface scratch	6
4082.jpg	datas\surface scratch\4082.jpg	surface scratch	6
4083.jpg	datas\surface scratch\4083.jpg	surface scratch	6
4084.jpg	datas\surface scratch\4084.jpg	surface scratch	6
4085.jpg	datas\surface scratch\4085.jpg	surface scratch	6
4086.jpg	datas\surface scratch\4086.jpg	surface scratch	6
4087.jpg	datas\surface scratch\4087.jpg	surface scratch	6
4088.jpg	datas\surface scratch\4088.jpg	surface scratch	6
4089.jpg	datas\surface scratch\4089.jpg	surface scratch	6
4090.jpg	datas\surface scratch\4090.jpg	surface scratch	6
4091.jpg	datas\surface scratch\4091.jpg	surface scratch	6
4092.jpg	datas\surface scratch\4092.jpg	surface scratch	6
4093.jpg	datas\surface scratch\4093.jpg	surface scratch	6
4094.jpg	datas\surface scratch\4094.jpg	surface scratch	6
4095.jpg	datas\surface scratch\4095.jpg	surface scratch	6
4096.jpg	datas\surface scratch\4096.jpg	surface scratch	6
4097.jpg	datas\surface scratch\4097.jpg	surface scratch	6
4098.jpg	datas\surface scratch\4098.jpg	surface scratch	6
4099.jpg	datas\surface scratch\4099.jpg	surface scratch	6
4100.jpg	datas\surface scratch\4100.jpg	surface scratch	6
4101.jpg	datas\surface scratch\4101.jpg	surface scratch	6
4102.jpg	datas\surface scratch\4102.jpg	surface scratch	6
4103.jpg	datas\surface scratch\4103.jpg	surface scratch	6
4104.jpg	datas\surface scratch\4104.jpg	surface scratch	6
4105.jpg	datas\surface scratch\4105.jpg	surface scratch	6
4106.jpg	datas\surface scratch\4106.jpg	surface scratch	6
4107.jpg	datas\surface scratch\4107.jpg	surface scratch	6
4108.jpg	datas\surface scratch\4108.jpg	surface scratch	6
4109.jpg	datas\surface scratch\4109.jpg	surface scratch	6
4110.jpg	datas\surface scratch\4110.jpg	surface scratch	6
4111.jpg	datas\surface scratch\4111.jpg	surface scratch	6
4112.jpg	datas\surface scratch\4112.jpg	surface scratch	6
4113.jpg	datas\surface scratch\4113.jpg	surface scratch	6
4114.jpg	datas\surface scratch\4114.jpg	surface scratch	6
4115.jpg	datas\surface scratch\4115.jpg	surface scratch	6
4116.jpg	datas\surface scratch\4116.jpg	surface scratch	6
4117.jpg	datas\surface scratch\4117.jpg	surface scratch	6
4118.jpg	datas\surface scratch\4118.jpg	surface scratch	6
4119.jpg	datas\surface scratch\4119.jpg	surface scratch	6
4120.jpg	datas\surface scratch\4120.jpg	surface scratch	6
4121.jpg	datas\surface scratch\4121.jpg	surface scratch	6
4122.jpg	datas\surface scratch\4122.jpg	surface scratch	6
4123.jpg	datas\surface scratch\4123.jpg	surface scratch	6
4124.jpg	datas\surface scratch\4124.jpg	surface scratch	6
4125.jpg	datas\surface scratch\4125.jpg	surface scratch	6
4126.jpg	datas\surface scratch\4126.jpg	surface scratch	6
4127.jpg	datas\surface scratch\4127.jpg	surface scratch	6
4128.jpg	datas\surface scratch\4128.jpg	surface scratch	6
4129.jpg	datas\surface scratch\4129.jpg	surface scratch	6
4130.jpg	datas\surface scratch\4130.jpg	surface scratch	6
4131.jpg	datas\surface scratch\4131.jpg	surface scratch	6
4132.jpg	datas\surface scratch\4132.jpg	surface scratch	6
4133.jpg	datas\surface scratch\4133.jpg	surface scratch	6
4134.jpg	datas\surface scratch\4134.jpg	surface scratch	6
